{"song":{"keyCount":9,"player1":"bf","chartOffset":0,"playerKeyCount":9,"modchartPath":"","notes":[{"sectionNotes":[],"lengthInSteps":16,"typeOfSection":0,"bpm":0.1,"mustHitSection":true},{"sectionNotes":[],"lengthInSteps":16,"typeOfSection":0,"bpm":0.1,"mustHitSection":false},{"sectionNotes":[],"lengthInSteps":16,"typeOfSection":0,"bpm":0.1,"mustHitSection":true},{"sectionNotes":[],"lengthInSteps":16,"typeOfSection":0,"bpm":0.1,"mustHitSection":false},{"sectionNotes":[],"lengthInSteps":16,"typeOfSection":0,"bpm":0.1,"mustHitSection":true},{"sectionNotes":[],"lengthInSteps":16,"typeOfSection":0,"bpm":0.1,"mustHitSection":false},{"sectionNotes":[],"lengthInSteps":16,"typeOfSection":0,"bpm":0.1,"mustHitSection":true},{"sectionNotes":[],"lengthInSteps":16,"typeOfSection":0,"bpm":0.1,"mustHitSection":false},{"sectionNotes":[[16000,0,0,0,"default"],[16250,3,0,0,"default"],[16375,4,0,0,"default"],[16750,2,0,0,"default"],[16625,5,0,0,"default"],[16875,5,0,0,"default"],[17125,6,0,0,"default"],[17250,4,0,0,"default"],[17375,1,0,0,"default"],[17500,6,0,0,"default"],[17625,3,0,0,"default"],[17750,6,0,0,"default"],[17875,8,0,0,"default"]],"lengthInSteps":16,"typeOfSection":0,"bpm":0.1,"mustHitSection":false},{"sectionNotes":[[18000,1,0,0,"default"],[18250,1,0,0,"default"],[18375,5,0,0,"default"],[18750,1,0,0,"default"],[18625,4,0,0,"default"],[18875,5,0,0,"default"],[19125,5,0,0,"default"],[19250,3,0,0,"default"],[19375,2,0,0,"default"],[19500,5,0,0,"default"],[19625,3,0,0,"default"],[19750,5,0,0,"default"],[19875,7,0,0,"default"]],"lengthInSteps":16,"typeOfSection":0,"bpm":0.1,"mustHitSection":false},{"sectionNotes":[[20000,0,0,0,"default"],[20250,0,0,0,"default"],[20375,4,0,0,"default"],[20625,4,0,0,"default"],[20750,0,0,0,"default"],[20875,4,0,0,"default"],[21125,4,0,0,"default"],[21250,2,0,0,"default"],[21375,1,0,0,"default"],[21500,3,0,0,"default"],[21625,2,0,0,"default"],[21750,5,0,0,"default"],[21875,7,0,0,"default"]],"lengthInSteps":16,"typeOfSection":0,"bpm":0.1,"mustHitSection":false},{"sectionNotes":[[22000,4,0,0,"default"],[22125,6,0,0,"default"],[22250,3,0,0,"default"],[22375,5,0,0,"default"],[22500,4,0,0,"default"],[22750,6,0,0,"default"],[22875,7,0,0,"default"],[23125,3,0,0,"default"],[23250,1,0,0,"default"],[23375,3,0,0,"default"],[23500,2,0,0,"default"],[23625,5,0,0,"default"],[23750,4,0,0,"default"],[23875,6,0,0,"default"]],"lengthInSteps":16,"typeOfSection":0,"bpm":0.1,"mustHitSection":false},{"sectionNotes":[[24000,0,0,0,"default"],[24250,3,0,0,"default"],[24375,4,0,0,"default"],[24750,2,0,0,"default"],[24625,5,0,0,"default"],[24875,5,0,0,"default"],[25125,6,0,0,"default"],[25250,4,0,0,"default"],[25375,1,0,0,"default"],[25500,6,0,0,"default"],[25625,3,0,0,"default"],[25750,6,0,0,"default"],[25875,8,0,0,"default"]],"lengthInSteps":16,"typeOfSection":0,"bpm":0.1,"mustHitSection":true},{"sectionNotes":[[26000,1,0,0,"default"],[26250,1,0,0,"default"],[26375,5,0,0,"default"],[26750,1,0,0,"default"],[26625,4,0,0,"default"],[26875,5,0,0,"default"],[27125,5,0,0,"default"],[27250,3,0,0,"default"],[27375,2,0,0,"default"],[27500,5,0,0,"default"],[27625,3,0,0,"default"],[27750,5,0,0,"default"],[27875,7,0,0,"default"]],"lengthInSteps":16,"typeOfSection":0,"bpm":0.1,"mustHitSection":true},{"sectionNotes":[[28000,0,0,0,"default"],[28250,0,0,0,"default"],[28375,4,0,0,"default"],[28625,4,0,0,"default"],[28750,0,0,0,"default"],[28875,4,0,0,"default"],[29125,4,0,0,"default"],[29250,2,0,0,"default"],[29375,1,0,0,"default"],[29500,3,0,0,"default"],[29625,2,0,0,"default"],[29750,5,0,0,"default"],[29875,7,0,0,"default"]],"lengthInSteps":16,"typeOfSection":0,"bpm":0.1,"mustHitSection":true},{"sectionNotes":[[30000,4,0,0,"default"],[30125,6,0,0,"default"],[30250,3,0,0,"default"],[30375,5,0,0,"default"],[30500,4,0,0,"default"],[30750,6,0,0,"default"],[30875,7,0,0,"default"],[31125,3,0,0,"default"],[31250,1,0,0,"default"],[31375,3,0,0,"default"],[31500,2,0,0,"default"],[31625,5,0,0,"default"],[31750,4,0,0,"default"],[31875,6,0,0,"default"]],"lengthInSteps":16,"typeOfSection":0,"bpm":0.1,"mustHitSection":true},{"sectionNotes":[[32250,6,0,0,"default"],[32375,7,0,0,"default"],[32500,8,0,0,"default"],[32625,5,0,0,"default"],[32750,2,0,0,"default"],[32875,1,0,0,"default"],[33000,0,0,0,"default"],[33125,3,0,0,"default"],[33250,6,0,0,"default"],[33375,7,0,0,"default"],[33500,8,125,0,"default"],[33750,5,125,0,"default"]],"lengthInSteps":16,"typeOfSection":0,"bpm":0.1,"mustHitSection":false},{"sectionNotes":[[34250,6,0,0,"default"],[34375,7,0,0,"default"],[34500,8,0,0,"default"],[34625,5,0,0,"default"],[34750,2,0,0,"default"],[34875,1,0,0,"default"],[35000,0,0,0,"default"],[35125,3,0,0,"default"],[35250,6,0,0,"default"],[35375,7,0,0,"default"],[35500,8,125,0,"default"],[35750,5,125,0,"default"]],"lengthInSteps":16,"typeOfSection":0,"bpm":0.1,"mustHitSection":true},{"sectionNotes":[[36250,6,0,0,"default"],[36375,7,0,0,"default"],[36500,8,0,0,"default"],[36625,5,0,0,"default"],[36750,2,0,0,"default"],[36875,1,0,0,"default"],[37000,0,0,0,"default"],[37125,3,0,0,"default"],[37250,6,0,0,"default"],[37375,7,0,0,"default"],[37500,8,125,0,"default"],[37750,5,125,0,"default"],[36562.5,6,0,0,"default"],[37062.5,2,0,0,"default"]],"lengthInSteps":16,"typeOfSection":0,"bpm":0.1,"mustHitSection":false},{"sectionNotes":[[38250,6,0,0,"default"],[38375,7,0,0,"default"],[38500,8,0,0,"default"],[38625,5,0,0,"default"],[38750,2,0,0,"default"],[38875,1,0,0,"default"],[39000,0,0,0,"default"],[39125,3,0,0,"default"],[39250,6,0,0,"default"],[39375,7,0,0,"default"],[39500,8,125,0,"default"],[39750,5,125,0,"default"],[38562.5,6,0,0,"default"],[39062.5,2,0,0,"default"],[38000,9,250,0,"default"],[38375,12,250,0,"default"],[38750,13,0,0,"default"],[39375,17,0,0,"default"],[39500,16,0,0,"default"],[39750,14,0,0,"default"],[39875,13,0,0,"default"],[39125,17,0,0,"default"]],"lengthInSteps":16,"typeOfSection":0,"bpm":0.1,"mustHitSection":true},{"sectionNotes":[[40250,6,0,0,"default"],[40375,7,0,0,"default"],[40500,8,0,0,"default"],[40625,5,0,0,"default"],[40750,2,0,0,"default"],[40875,1,0,0,"default"],[41000,0,0,0,"default"],[41125,3,0,0,"default"],[41250,6,0,0,"default"],[41375,7,0,0,"default"],[41500,8,0,0,"default"],[41625,5,0,0,"default"],[41687.5,4,0,0,"default"],[41750,3,0,0,"default"],[41875,1,0,0,"default"]],"lengthInSteps":16,"typeOfSection":0,"bpm":0.1,"mustHitSection":false},{"sectionNotes":[[42250,6,0,0,"default"],[42375,7,0,0,"default"],[42500,8,0,0,"default"],[42625,5,0,0,"default"],[42750,2,0,0,"default"],[42875,1,0,0,"default"],[43000,0,0,0,"default"],[43125,3,0,0,"default"],[43250,6,0,0,"default"],[43375,7,0,0,"default"],[43500,8,0,0,"default"],[43625,5,0,0,"default"],[43687.5,4,0,0,"default"],[43750,3,0,0,"default"],[43875,1,0,0,"default"]],"lengthInSteps":16,"typeOfSection":0,"bpm":0.1,"mustHitSection":true},{"sectionNotes":[[44000,3,0,0,"default"],[44125,2,0,0,"default"],[44250,1,0,0,"default"],[44375,2,0,0,"default"],[44500,5,0,0,"default"],[44625,6,0,0,"default"],[44750,7,0,0,"default"],[44875,6,0,0,"default"],[45000,0,0,0,"default"],[45125,1,0,0,"default"],[45250,3,0,0,"default"],[45375,2,0,0,"default"],[45500,5,0,0,"default"],[45625,6,0,0,"default"],[45750,8,0,0,"default"],[45875,7,0,0,"default"],[44000,9,125,0,"default"],[44250,12,125,0,"default"],[44500,10,125,0,"default"],[44750,12,125,0,"default"],[45000,14,125,0,"default"],[45250,17,125,0,"default"],[45500,15,125,0,"default"],[45750,17,125,0,"default"]],"lengthInSteps":16,"typeOfSection":0,"bpm":0.1,"mustHitSection":true},{"sectionNotes":[[46000,9,0,0,"default"],[46250,10,0,0,"default"],[46375,11,0,0,"default"],[46625,14,0,0,"default"],[46875,13,1000,0,"default"],[46875,4,1000,0,"default"],[46000,1,125,0,"default"],[46250,3,125,0,"default"],[46500,6,125,0,"default"],[46750,5,0,0,"default"]],"lengthInSteps":16,"typeOfSection":0,"bpm":0.1,"mustHitSection":true},{"sectionNotes":[[48000,3,375,0,"default"],[48500,1,0,0,"default"],[48750,7,0,0,"default"],[48875,5,0,0,"default"],[49000,3,0,0,"default"],[49125,2,0,0,"default"],[49375,2,0,0,"default"],[49625,2,0,0,"default"],[49750,5,0,0,"default"],[49875,6,0,0,"default"]],"lengthInSteps":16,"typeOfSection":0,"bpm":0.1,"mustHitSection":false},{"sectionNotes":[[50000,3,375,0,"default"],[50500,1,0,0,"default"],[50875,5,0,0,"default"],[51000,3,0,0,"default"],[51125,2,0,0,"default"],[51375,2,0,0,"default"],[51625,2,0,0,"default"],[51750,5,0,0,"default"],[51875,6,0,0,"default"],[50750,4,0,0,"default"]],"lengthInSteps":16,"typeOfSection":0,"bpm":0.1,"mustHitSection":false},{"sectionNotes":[[52000,1,0,0],[52250,1,0,0],[52375,4,0,0],[52625,4,0,0],[52750,1,0,0],[52875,4,0,0],[53000,3,0,0],[53125,5,0,0],[53250,4,0,0],[53375,6,0,0],[53500,2,125,0],[53750,6,0,0],[53875,4,0,0]],"lengthInSteps":16,"typeOfSection":0,"bpm":0.1,"mustHitSection":false},{"sectionNotes":[[54000,8,125,0],[54250,7,0,0],[54500,6,0,0],[54625,3,0,0],[54750,5,0,0],[54875,4,1000,0]],"lengthInSteps":16,"typeOfSection":0,"bpm":0.1,"mustHitSection":false},{"sectionNotes":[[56000,1,0,0],[56250,1,0,0],[56500,5,0,0],[56750,5,0,0],[57000,1,0,0],[57500,2,0,0],[57750,0,0,0]],"lengthInSteps":16,"typeOfSection":0,"bpm":0.1,"mustHitSection":false},{"sectionNotes":[[58000,3,0,0],[58250,7,0,0],[58750,6,0,0],[59250,6,0,0],[59500,5,0,0],[59750,4,0,0]],"lengthInSteps":16,"typeOfSection":0,"bpm":0.1,"mustHitSection":false},{"sectionNotes":[[60000,8,875,0],[61000,0,0,0],[61125,1,0,0],[61250,2,0,0],[61375,3,0,0],[61500,4,0,0],[61625,5,0,0],[61750,6,0,0],[61875,7,0,0]],"lengthInSteps":16,"typeOfSection":0,"bpm":0.1,"mustHitSection":false},{"sectionNotes":[[62000,8,875,0],[63000,4,875,0]],"lengthInSteps":16,"typeOfSection":0,"bpm":0.1,"mustHitSection":false},{"typeOfSection":0,"sectionNotes":[[64000,3,375,0,"default"],[64500,1,0,0,"default"],[64750,7,0,0,"default"],[64875,5,0,0,"default"],[65000,3,0,0,"default"],[65125,2,0,0,"default"],[65375,2,0,0,"default"],[65625,2,0,0,"default"],[65750,5,0,0,"default"],[65875,6,0,0,"default"]],"lengthInSteps":16,"bpm":100,"changeBPM":false,"mustHitSection":true},{"typeOfSection":0,"sectionNotes":[[66000,3,375,0,"default"],[66500,1,0,0,"default"],[66875,5,0,0,"default"],[67000,3,0,0,"default"],[67125,2,0,0,"default"],[67375,2,0,0,"default"],[67625,2,0,0,"default"],[67750,5,0,0,"default"],[67875,6,0,0,"default"],[66750,4,0,0,"default"]],"lengthInSteps":16,"altAnim":false,"bpm":100,"changeBPM":false,"mustHitSection":true},{"lengthInSteps":16,"typeOfSection":0,"sectionNotes":[[68000,1,0,0,null],[68250,1,0,0,null],[68375,4,0,0,null],[68625,4,0,0,null],[68750,1,0,0,null],[68875,4,0,0,null],[69000,3,0,0,null],[69125,5,0,0,null],[69250,4,0,0,null],[69375,6,0,0,null],[69500,2,125,0,null],[69750,6,0,0,null],[69875,4,0,0,null]],"altAnim":false,"bpm":100,"changeBPM":false,"mustHitSection":true},{"lengthInSteps":16,"typeOfSection":0,"sectionNotes":[[70000,8,125,0,null],[70250,7,0,0,null],[70500,6,0,0,null],[70625,3,0,0,null],[70750,5,0,0,null],[70875,4,1000,0,null]],"altAnim":false,"bpm":195,"changeBPM":false,"mustHitSection":true},{"lengthInSteps":16,"typeOfSection":0,"sectionNotes":[[72000,1,0,0,null],[72250,1,0,0,null],[72500,5,0,0,null],[72750,5,0,0,null],[73000,1,0,0,null],[73500,2,0,0,null],[73750,0,0,0,null]],"altAnim":false,"bpm":195,"changeBPM":false,"mustHitSection":true},{"lengthInSteps":16,"typeOfSection":0,"sectionNotes":[[74000,3,0,0,null],[74250,7,0,0,null],[74750,6,0,0,null],[75250,6,0,0,null],[75500,5,0,0,null],[75750,4,0,0,null]],"altAnim":false,"bpm":195,"changeBPM":false,"mustHitSection":true},{"lengthInSteps":16,"typeOfSection":0,"sectionNotes":[[76000,8,875,0,null],[77000,0,0,0,null],[77125,1,0,0,null],[77250,2,0,0,null],[77375,3,0,0,null],[77500,4,0,0,null],[77625,5,0,0,null],[77750,6,0,0,null],[77875,7,0,0,null]],"altAnim":false,"bpm":195,"changeBPM":false,"mustHitSection":true},{"lengthInSteps":16,"typeOfSection":0,"sectionNotes":[[78000,8,875,0,null],[79000,4,875,0,null]],"altAnim":false,"bpm":195,"changeBPM":false,"mustHitSection":true},{"lengthInSteps":16,"typeOfSection":0,"sectionNotes":[[80000,0,1375,0],[81500,6,375,0]],"altAnim":false,"bpm":195,"changeBPM":false,"mustHitSection":false},{"lengthInSteps":16,"typeOfSection":0,"sectionNotes":[[82000,4,875,0],[83000,6,875,0]],"altAnim":false,"bpm":195,"changeBPM":false,"mustHitSection":false},{"lengthInSteps":16,"typeOfSection":0,"sectionNotes":[[84000,0,3375,0]],"altAnim":false,"bpm":195,"changeBPM":false,"mustHitSection":false},{"lengthInSteps":16,"typeOfSection":0,"sectionNotes":[],"altAnim":false,"bpm":195,"changeBPM":false,"mustHitSection":false},{"lengthInSteps":16,"typeOfSection":0,"sectionNotes":[[88000,0,1375,0,null],[89500,6,375,0,null]],"altAnim":false,"bpm":195,"changeBPM":false,"mustHitSection":false},{"lengthInSteps":16,"typeOfSection":0,"sectionNotes":[[90000,4,875,0,null],[91000,6,875,0,null]],"altAnim":false,"bpm":195,"changeBPM":false,"mustHitSection":false},{"lengthInSteps":16,"typeOfSection":0,"sectionNotes":[[92000,0,3375,0,null]],"altAnim":false,"bpm":195,"changeBPM":false,"mustHitSection":false},{"lengthInSteps":16,"typeOfSection":0,"sectionNotes":[],"altAnim":false,"bpm":195,"changeBPM":false,"mustHitSection":false},{"lengthInSteps":16,"typeOfSection":0,"sectionNotes":[[96000,0,1375,0,null],[97500,6,375,0,null]],"altAnim":false,"bpm":195,"changeBPM":false,"mustHitSection":true},{"lengthInSteps":16,"typeOfSection":0,"sectionNotes":[[98000,4,875,0,null],[99000,6,875,0,null]],"altAnim":false,"bpm":195,"changeBPM":false,"mustHitSection":true},{"lengthInSteps":16,"typeOfSection":0,"sectionNotes":[[100000,0,3375,0,null]],"altAnim":false,"bpm":195,"changeBPM":false,"mustHitSection":true},{"lengthInSteps":16,"typeOfSection":0,"sectionNotes":[],"altAnim":false,"bpm":195,"changeBPM":false,"mustHitSection":true},{"lengthInSteps":16,"typeOfSection":0,"sectionNotes":[[104000,0,1375,0,null],[105500,6,375,0,null]],"altAnim":false,"bpm":195,"changeBPM":false,"mustHitSection":true},{"lengthInSteps":16,"typeOfSection":0,"sectionNotes":[[106000,4,875,0,null],[107000,6,875,0,null]],"altAnim":false,"bpm":195,"changeBPM":false,"mustHitSection":true},{"lengthInSteps":16,"typeOfSection":0,"sectionNotes":[[108250,5,0,0],[108250,7,0,0],[108500,3,0,0],[108500,1,0,0],[108875,5,0,0],[108875,3,0,0],[109125,2,0,0],[109125,6,0,0],[109375,3,0,0],[109375,5,0,0],[109625,2,0,0],[109750,4,0,0],[109875,6,0,0],[108250,14,0,0,null],[108250,16,0,0,null],[108500,12,0,0,null],[108500,10,0,0,null],[108875,14,0,0,null],[108875,12,0,0,null],[109125,11,0,0,null],[109125,15,0,0,null],[109375,12,0,0,null],[109375,14,0,0,null],[109625,11,0,0,null],[109750,13,0,0,null],[109875,15,0,0,null]],"altAnim":false,"bpm":195,"changeBPM":false,"mustHitSection":true},{"lengthInSteps":16,"typeOfSection":0,"sectionNotes":[[110250,5,0,0,null],[110250,7,0,0,null],[110500,3,0,0,null],[110500,1,0,0,null],[110875,5,0,0,null],[110875,3,0,0,null],[111125,2,0,0,null],[111125,6,0,0,null],[111375,3,0,0,null],[111375,5,0,0,null],[111625,2,0,0,null],[111750,4,0,0,null],[111875,6,0,0,null],[110250,14,0,0,null],[110250,16,0,0,null],[110500,12,0,0,null],[110500,10,0,0,null],[110875,14,0,0,null],[110875,12,0,0,null],[111125,11,0,0,null],[111125,15,0,0,null],[111375,12,0,0,null],[111375,14,0,0,null],[111625,11,0,0,null],[111750,13,0,0,null],[111875,15,0,0,null]],"altAnim":false,"bpm":195,"changeBPM":false,"mustHitSection":true},{"lengthInSteps":16,"typeOfSection":0,"sectionNotes":[[112000,0,0,0,"default"],[112250,3,0,0,"default"],[112375,4,0,0,"default"],[112750,2,0,0,"default"],[112625,5,0,0,"default"],[112875,5,0,0,"default"],[113125,6,0,0,"default"],[113250,4,0,0,"default"],[113375,1,0,0,"default"],[113500,6,0,0,"default"],[113625,3,0,0,"default"],[113750,6,0,0,"default"],[113875,8,0,0,"default"]],"altAnim":false,"bpm":195,"changeBPM":false,"mustHitSection":false},{"lengthInSteps":16,"typeOfSection":0,"sectionNotes":[[114000,1,0,0,"default"],[114250,1,0,0,"default"],[114375,5,0,0,"default"],[114750,1,0,0,"default"],[114625,4,0,0,"default"],[114875,5,0,0,"default"],[115125,5,0,0,"default"],[115250,3,0,0,"default"],[115375,2,0,0,"default"],[115500,5,0,0,"default"],[115625,3,0,0,"default"],[115750,5,0,0,"default"],[115875,7,0,0,"default"]],"altAnim":false,"bpm":195,"changeBPM":false,"mustHitSection":false},{"lengthInSteps":16,"typeOfSection":0,"sectionNotes":[[116250,6,0,0,"default"],[116375,7,0,0,"default"],[116500,8,0,0,"default"],[116625,5,0,0,"default"],[116750,2,0,0,"default"],[116875,1,0,0,"default"],[117000,0,0,0,"default"],[117125,3,0,0,"default"],[117250,6,0,0,"default"],[117375,7,0,0,"default"],[117500,8,125,0,"default"],[117750,5,125,0,"default"]],"altAnim":false,"bpm":195,"changeBPM":false,"mustHitSection":false},{"lengthInSteps":16,"typeOfSection":0,"sectionNotes":[[118250,6,0,0,"default"],[118375,7,0,0,"default"],[118500,8,0,0,"default"],[118625,5,0,0,"default"],[118750,2,0,0,"default"],[118875,1,0,0,"default"],[119000,0,0,0,"default"],[119125,3,0,0,"default"],[119250,6,0,0,"default"],[119375,7,0,0,"default"],[119500,8,0,0,"default"],[119625,5,0,0,"default"],[119687.5,4,0,0,"default"],[119750,3,0,0,"default"],[119875,1,0,0,"default"]],"altAnim":false,"bpm":195,"changeBPM":false,"mustHitSection":false},{"lengthInSteps":16,"typeOfSection":0,"sectionNotes":[[120000,3,375,0,"default"],[120500,1,0,0,"default"],[120750,7,0,0,"default"],[120875,5,0,0,"default"],[121000,3,0,0,"default"],[121125,2,0,0,"default"],[121375,2,0,0,"default"],[121625,2,0,0,"default"],[121750,5,0,0,"default"],[121875,6,0,0,"default"]],"altAnim":false,"bpm":195,"changeBPM":false,"mustHitSection":false},{"lengthInSteps":16,"typeOfSection":0,"sectionNotes":[[122000,3,375,0,"default"],[122500,1,0,0,"default"],[122875,5,0,0,"default"],[123000,3,0,0,"default"],[123125,2,0,0,"default"],[123375,2,0,0,"default"],[123625,2,0,0,"default"],[123750,5,0,0,"default"],[123875,6,0,0,"default"],[122750,4,0,0,"default"]],"altAnim":false,"bpm":195,"changeBPM":false,"mustHitSection":false},{"lengthInSteps":16,"typeOfSection":0,"sectionNotes":[[124000,1,0,0,null],[124250,1,0,0,null],[124375,4,0,0,null],[124625,4,0,0,null],[124750,1,0,0,null],[124875,4,0,0,null],[125000,3,0,0,null],[125125,5,0,0,null],[125250,4,0,0,null],[125375,6,0,0,null],[125500,2,125,0,null],[125750,6,0,0,null],[125875,4,0,0,null]],"altAnim":false,"bpm":195,"changeBPM":false,"mustHitSection":false},{"lengthInSteps":16,"typeOfSection":0,"sectionNotes":[[126000,4,0,0],[126125,6,0,0],[126250,2,0,0],[126375,5,0,0],[126500,3,125,0],[126750,4,0,0],[126875,7,0,0],[127125,8,0,0],[127250,6,0,0],[127375,4,0,0],[127500,0,0,0],[127625,4,0,0],[127750,6,0,0],[127875,5,0,0]],"altAnim":false,"bpm":195,"changeBPM":false,"mustHitSection":false},{"lengthInSteps":16,"typeOfSection":0,"sectionNotes":[[128000,13,1875,0],[128000,0,0,0,"default"],[128250,3,0,0,"default"],[128375,4,0,0,"default"],[128750,2,0,0,"default"],[128625,5,0,0,"default"],[128875,5,0,0,"default"],[129125,6,0,0,"default"],[129250,4,0,0,"default"],[129375,1,0,0,"default"],[129500,6,0,0,"default"],[129625,3,0,0,"default"],[129750,6,0,0,"default"],[129875,8,0,0,"default"]],"altAnim":false,"bpm":195,"changeBPM":false,"mustHitSection":true},{"lengthInSteps":16,"typeOfSection":0,"sectionNotes":[[130000,1,0,0,"default"],[130250,1,0,0,"default"],[130375,5,0,0,"default"],[130750,1,0,0,"default"],[130625,4,0,0,"default"],[130875,5,0,0,"default"],[131125,5,0,0,"default"],[131250,3,0,0,"default"],[131375,2,0,0,"default"],[131500,5,0,0,"default"],[131625,3,0,0,"default"],[131750,5,0,0,"default"],[131875,7,0,0,"default"]],"altAnim":false,"bpm":195,"changeBPM":false,"mustHitSection":true},{"lengthInSteps":16,"typeOfSection":0,"sectionNotes":[[132250,6,0,0,"default"],[132375,7,0,0,"default"],[132500,8,0,0,"default"],[132625,5,0,0,"default"],[132750,2,0,0,"default"],[132875,1,0,0,"default"],[133000,0,0,0,"default"],[133125,3,0,0,"default"],[133250,6,0,0,"default"],[133375,7,0,0,"default"],[133500,8,125,0,"default"],[133750,5,125,0,"default"]],"altAnim":false,"bpm":195,"changeBPM":false,"mustHitSection":true},{"lengthInSteps":16,"typeOfSection":0,"sectionNotes":[[134250,6,0,0,"default"],[134375,7,0,0,"default"],[134500,8,0,0,"default"],[134625,5,0,0,"default"],[134750,2,0,0,"default"],[134875,1,0,0,"default"],[135000,0,0,0,"default"],[135125,3,0,0,"default"],[135250,6,0,0,"default"],[135375,7,0,0,"default"],[135500,8,0,0,"default"],[135625,5,0,0,"default"],[135687.5,4,0,0,"default"],[135750,3,0,0,"default"],[135875,1,0,0,"default"]],"altAnim":false,"bpm":195,"changeBPM":false,"mustHitSection":true},{"lengthInSteps":16,"typeOfSection":0,"sectionNotes":[[136000,3,375,0,"default"],[136500,1,0,0,"default"],[136750,7,0,0,"default"],[136875,5,0,0,"default"],[137000,3,0,0,"default"],[137125,2,0,0,"default"],[137375,2,0,0,"default"],[137625,2,0,0,"default"],[137750,5,0,0,"default"],[137875,6,0,0,"default"]],"altAnim":false,"bpm":195,"changeBPM":false,"mustHitSection":true},{"sectionNotes":[[138000,3,375,0,"default"],[138500,1,0,0,"default"],[138875,5,0,0,"default"],[139000,3,0,0,"default"],[139125,2,0,0,"default"],[139375,2,0,0,"default"],[139625,2,0,0,"default"],[139750,5,0,0,"default"],[139875,6,0,0,"default"],[138750,4,0,0,"default"]],"typeOfSection":0,"lengthInSteps":16,"altAnim":false,"mustHitSection":true,"changeBPM":false,"bpm":195},{"sectionNotes":[[140000,1,0,0,null],[140250,1,0,0,null],[140375,4,0,0,null],[140625,4,0,0,null],[140750,1,0,0,null],[140875,4,0,0,null],[141000,3,0,0,null],[141125,5,0,0,null],[141250,4,0,0,null],[141375,6,0,0,null],[141500,2,125,0,null],[141750,6,0,0,null],[141875,4,0,0,null]],"typeOfSection":0,"lengthInSteps":16,"altAnim":false,"mustHitSection":true,"changeBPM":false,"bpm":195},{"sectionNotes":[[142000,4,0,0,null],[142125,6,0,0,null],[142250,2,0,0,null],[142375,5,0,0,null],[142500,3,125,0,null],[142750,4,0,0,null],[142875,7,0,0,null],[143125,8,0,0,null],[143250,6,0,0,null],[143375,4,0,0,null],[143500,0,0,0,null],[143625,4,0,0,null],[143750,6,0,0,null],[143875,5,0,0,null]],"typeOfSection":0,"lengthInSteps":16,"altAnim":false,"mustHitSection":true,"changeBPM":false,"bpm":195},{"sectionNotes":[[144000,13,1875,0,null]],"typeOfSection":0,"lengthInSteps":16,"altAnim":false,"mustHitSection":false,"changeBPM":false,"bpm":195},{"sectionNotes":[],"typeOfSection":0,"lengthInSteps":16,"altAnim":false,"mustHitSection":true,"changeBPM":false,"bpm":195},{"sectionNotes":[],"typeOfSection":0,"lengthInSteps":16,"altAnim":false,"mustHitSection":false,"changeBPM":false,"bpm":195},{"sectionNotes":[],"typeOfSection":0,"lengthInSteps":16,"altAnim":false,"mustHitSection":true,"changeBPM":false,"bpm":195},{"sectionNotes":[],"typeOfSection":0,"lengthInSteps":16,"altAnim":false,"mustHitSection":false,"changeBPM":false,"bpm":195},{"sectionNotes":[],"typeOfSection":0,"lengthInSteps":16,"altAnim":false,"mustHitSection":true,"changeBPM":false,"bpm":195},{"sectionNotes":[],"typeOfSection":0,"lengthInSteps":16,"altAnim":false,"mustHitSection":false,"changeBPM":false,"bpm":195},{"sectionNotes":[],"typeOfSection":0,"lengthInSteps":16,"altAnim":false,"mustHitSection":true,"changeBPM":false,"bpm":195},{"sectionNotes":[],"typeOfSection":0,"lengthInSteps":16,"altAnim":false,"mustHitSection":false,"changeBPM":false,"bpm":195},{"sectionNotes":[],"typeOfSection":0,"lengthInSteps":16,"altAnim":false,"mustHitSection":false,"changeBPM":false,"bpm":195},{"sectionNotes":[],"typeOfSection":0,"lengthInSteps":16,"altAnim":false,"mustHitSection":true,"changeBPM":false,"bpm":195},{"sectionNotes":[],"typeOfSection":0,"lengthInSteps":16,"altAnim":false,"mustHitSection":true,"changeBPM":false,"bpm":195},{"sectionNotes":[],"typeOfSection":0,"lengthInSteps":16,"altAnim":false,"mustHitSection":false,"changeBPM":false,"bpm":195},{"sectionNotes":[],"typeOfSection":0,"lengthInSteps":16,"altAnim":false,"mustHitSection":false,"changeBPM":false,"bpm":195},{"sectionNotes":[],"typeOfSection":0,"lengthInSteps":16,"altAnim":false,"mustHitSection":false,"changeBPM":false,"bpm":195},{"sectionNotes":[],"typeOfSection":0,"lengthInSteps":16,"altAnim":false,"mustHitSection":false,"changeBPM":false,"bpm":195},{"sectionNotes":[],"typeOfSection":0,"lengthInSteps":16,"altAnim":false,"mustHitSection":true,"changeBPM":false,"bpm":195},{"sectionNotes":[],"typeOfSection":0,"lengthInSteps":16,"altAnim":false,"mustHitSection":true,"changeBPM":false,"bpm":195},{"sectionNotes":[],"typeOfSection":0,"lengthInSteps":16,"altAnim":false,"mustHitSection":true,"changeBPM":false,"bpm":195},{"sectionNotes":[],"typeOfSection":0,"lengthInSteps":16,"altAnim":false,"mustHitSection":true,"changeBPM":false,"bpm":195},{"sectionNotes":[],"typeOfSection":0,"lengthInSteps":16,"altAnim":false,"mustHitSection":false,"changeBPM":false,"bpm":195},{"sectionNotes":[],"typeOfSection":0,"lengthInSteps":16,"altAnim":false,"mustHitSection":false,"changeBPM":false,"bpm":195},{"sectionNotes":[],"typeOfSection":0,"lengthInSteps":16,"altAnim":false,"mustHitSection":true,"changeBPM":false,"bpm":195},{"sectionNotes":[],"typeOfSection":0,"lengthInSteps":16,"altAnim":false,"mustHitSection":true,"changeBPM":false,"bpm":195},{"sectionNotes":[],"typeOfSection":0,"lengthInSteps":16,"altAnim":false,"mustHitSection":false,"changeBPM":false,"bpm":195},{"lengthInSteps":16,"typeOfSection":0,"sectionNotes":[],"altAnim":false,"bpm":195,"changeBPM":false,"mustHitSection":false},{"lengthInSteps":16,"typeOfSection":0,"sectionNotes":[],"altAnim":false,"bpm":195,"changeBPM":false,"mustHitSection":true},{"lengthInSteps":16,"typeOfSection":0,"sectionNotes":[],"altAnim":false,"bpm":195,"changeBPM":false,"mustHitSection":true},{"lengthInSteps":16,"typeOfSection":0,"sectionNotes":[],"altAnim":false,"bpm":195,"changeBPM":false,"mustHitSection":false},{"lengthInSteps":16,"typeOfSection":0,"sectionNotes":[],"altAnim":false,"bpm":195,"changeBPM":false,"mustHitSection":false},{"lengthInSteps":16,"typeOfSection":0,"sectionNotes":[],"altAnim":false,"bpm":195,"changeBPM":false,"mustHitSection":true},{"lengthInSteps":16,"typeOfSection":0,"sectionNotes":[],"altAnim":false,"bpm":195,"changeBPM":false,"mustHitSection":true},{"lengthInSteps":16,"typeOfSection":0,"sectionNotes":[],"altAnim":false,"bpm":195,"changeBPM":false,"mustHitSection":false},{"lengthInSteps":16,"typeOfSection":0,"sectionNotes":[],"altAnim":false,"bpm":195,"changeBPM":false,"mustHitSection":true},{"lengthInSteps":16,"typeOfSection":0,"sectionNotes":[],"altAnim":false,"bpm":195,"changeBPM":false,"mustHitSection":false},{"lengthInSteps":16,"typeOfSection":0,"sectionNotes":[],"altAnim":false,"bpm":195,"changeBPM":false,"mustHitSection":true},{"lengthInSteps":16,"typeOfSection":0,"sectionNotes":[],"altAnim":false,"bpm":195,"changeBPM":false,"mustHitSection":false},{"lengthInSteps":16,"typeOfSection":0,"sectionNotes":[],"altAnim":false,"bpm":195,"changeBPM":false,"mustHitSection":true},{"lengthInSteps":16,"typeOfSection":0,"sectionNotes":[],"altAnim":false,"bpm":195,"changeBPM":false,"mustHitSection":false},{"lengthInSteps":16,"typeOfSection":0,"sectionNotes":[],"altAnim":false,"bpm":195,"changeBPM":false,"mustHitSection":false},{"lengthInSteps":16,"typeOfSection":0,"sectionNotes":[],"altAnim":false,"bpm":195,"changeBPM":false,"mustHitSection":false},{"lengthInSteps":16,"typeOfSection":0,"sectionNotes":[],"altAnim":false,"bpm":195,"changeBPM":false,"mustHitSection":false},{"lengthInSteps":16,"typeOfSection":0,"sectionNotes":[],"altAnim":false,"bpm":195,"changeBPM":false,"mustHitSection":false},{"lengthInSteps":16,"typeOfSection":0,"sectionNotes":[],"altAnim":false,"bpm":195,"changeBPM":false,"mustHitSection":false},{"lengthInSteps":16,"typeOfSection":0,"sectionNotes":[],"altAnim":false,"bpm":195,"changeBPM":false,"mustHitSection":false},{"lengthInSteps":16,"typeOfSection":0,"sectionNotes":[],"altAnim":false,"bpm":195,"changeBPM":false,"mustHitSection":false},{"lengthInSteps":16,"typeOfSection":0,"sectionNotes":[],"altAnim":false,"bpm":195,"changeBPM":false,"mustHitSection":true},{"lengthInSteps":16,"typeOfSection":0,"sectionNotes":[],"altAnim":false,"bpm":195,"changeBPM":false,"mustHitSection":true},{"lengthInSteps":16,"typeOfSection":0,"sectionNotes":[],"altAnim":false,"bpm":195,"changeBPM":false,"mustHitSection":true},{"lengthInSteps":16,"typeOfSection":0,"sectionNotes":[],"altAnim":false,"bpm":195,"changeBPM":false,"mustHitSection":true},{"sectionNotes":[],"typeOfSection":0,"lengthInSteps":16,"altAnim":false,"mustHitSection":true,"changeBPM":false,"bpm":195},{"lengthInSteps":16,"typeOfSection":0,"sectionNotes":[],"altAnim":false,"bpm":195,"changeBPM":false,"mustHitSection":true},{"lengthInSteps":16,"typeOfSection":0,"sectionNotes":[],"altAnim":false,"bpm":195,"changeBPM":false,"mustHitSection":true},{"lengthInSteps":16,"typeOfSection":0,"sectionNotes":[],"altAnim":false,"bpm":195,"changeBPM":false,"mustHitSection":true},{"lengthInSteps":16,"typeOfSection":0,"sectionNotes":[],"altAnim":false,"bpm":195,"changeBPM":false,"mustHitSection":false},{"lengthInSteps":16,"typeOfSection":0,"sectionNotes":[],"altAnim":false,"bpm":195,"changeBPM":false,"mustHitSection":false},{"lengthInSteps":16,"typeOfSection":0,"sectionNotes":[],"altAnim":false,"bpm":195,"changeBPM":false,"mustHitSection":false},{"lengthInSteps":16,"typeOfSection":0,"sectionNotes":[],"altAnim":false,"bpm":195,"changeBPM":false,"mustHitSection":false},{"lengthInSteps":16,"typeOfSection":0,"sectionNotes":[],"altAnim":false,"bpm":195,"changeBPM":false,"mustHitSection":false},{"lengthInSteps":16,"typeOfSection":0,"sectionNotes":[],"altAnim":false,"bpm":195,"changeBPM":false,"mustHitSection":false},{"lengthInSteps":16,"typeOfSection":0,"sectionNotes":[],"altAnim":false,"bpm":195,"changeBPM":false,"mustHitSection":false},{"lengthInSteps":16,"typeOfSection":0,"sectionNotes":[],"altAnim":false,"bpm":195,"changeBPM":false,"mustHitSection":false},{"lengthInSteps":16,"typeOfSection":0,"sectionNotes":[],"altAnim":false,"bpm":195,"changeBPM":false,"mustHitSection":true},{"lengthInSteps":16,"typeOfSection":0,"sectionNotes":[],"altAnim":false,"bpm":195,"changeBPM":false,"mustHitSection":true},{"lengthInSteps":16,"typeOfSection":0,"sectionNotes":[],"altAnim":false,"bpm":195,"changeBPM":false,"mustHitSection":true},{"lengthInSteps":16,"typeOfSection":0,"sectionNotes":[],"altAnim":false,"bpm":195,"changeBPM":false,"mustHitSection":true},{"sectionNotes":[],"typeOfSection":0,"lengthInSteps":16,"altAnim":false,"mustHitSection":true,"changeBPM":false,"bpm":195},{"sectionNotes":[],"typeOfSection":0,"lengthInSteps":16,"altAnim":false,"mustHitSection":true,"changeBPM":false,"bpm":195},{"sectionNotes":[],"typeOfSection":0,"lengthInSteps":16,"altAnim":false,"mustHitSection":true,"changeBPM":false,"bpm":195},{"sectionNotes":[],"typeOfSection":0,"lengthInSteps":16,"altAnim":false,"mustHitSection":true,"changeBPM":false,"bpm":195},{"sectionNotes":[],"typeOfSection":0,"lengthInSteps":16,"altAnim":false,"mustHitSection":false,"changeBPM":false,"bpm":195},{"sectionNotes":[],"typeOfSection":0,"lengthInSteps":16,"altAnim":false,"mustHitSection":false,"changeBPM":false,"bpm":195},{"sectionNotes":[],"typeOfSection":0,"lengthInSteps":16,"altAnim":false,"mustHitSection":false,"changeBPM":false,"bpm":195},{"lengthInSteps":16,"typeOfSection":0,"sectionNotes":[],"altAnim":false,"bpm":195,"changeBPM":false,"mustHitSection":false},{"sectionNotes":[],"typeOfSection":0,"lengthInSteps":16,"altAnim":false,"mustHitSection":false,"changeBPM":false,"bpm":195},{"lengthInSteps":16,"typeOfSection":0,"sectionNotes":[],"altAnim":false,"bpm":195,"changeBPM":false,"mustHitSection":false},{"lengthInSteps":16,"typeOfSection":0,"sectionNotes":[],"altAnim":false,"bpm":195,"changeBPM":false,"mustHitSection":false},{"sectionNotes":[],"typeOfSection":0,"lengthInSteps":16,"altAnim":false,"mustHitSection":false,"changeBPM":false,"bpm":195},{"sectionNotes":[],"typeOfSection":0,"lengthInSteps":16,"altAnim":false,"mustHitSection":true,"changeBPM":false,"bpm":195},{"lengthInSteps":16,"typeOfSection":0,"sectionNotes":[],"altAnim":false,"bpm":195,"changeBPM":false,"mustHitSection":true},{"sectionNotes":[],"typeOfSection":0,"lengthInSteps":16,"altAnim":false,"mustHitSection":true,"changeBPM":false,"bpm":195},{"sectionNotes":[],"typeOfSection":0,"lengthInSteps":16,"altAnim":false,"mustHitSection":true,"changeBPM":false,"bpm":195},{"lengthInSteps":16,"typeOfSection":0,"sectionNotes":[],"altAnim":false,"bpm":199,"changeBPM":false,"mustHitSection":true},{"lengthInSteps":16,"typeOfSection":0,"sectionNotes":[],"altAnim":false,"bpm":199,"changeBPM":false,"mustHitSection":true},{"lengthInSteps":16,"typeOfSection":0,"sectionNotes":[],"altAnim":false,"bpm":199,"changeBPM":false,"mustHitSection":true},{"lengthInSteps":16,"typeOfSection":0,"sectionNotes":[],"altAnim":false,"bpm":199,"changeBPM":false,"mustHitSection":true},{"lengthInSteps":16,"typeOfSection":0,"sectionNotes":[],"altAnim":false,"bpm":199,"changeBPM":false,"mustHitSection":false},{"lengthInSteps":16,"typeOfSection":0,"sectionNotes":[],"altAnim":false,"bpm":199,"changeBPM":false,"mustHitSection":false},{"lengthInSteps":16,"typeOfSection":0,"sectionNotes":[],"altAnim":false,"bpm":199,"changeBPM":false,"mustHitSection":true},{"lengthInSteps":16,"typeOfSection":0,"sectionNotes":[],"altAnim":false,"bpm":199,"changeBPM":false,"mustHitSection":true},{"lengthInSteps":16,"typeOfSection":0,"sectionNotes":[],"altAnim":false,"bpm":199,"changeBPM":false,"mustHitSection":false},{"lengthInSteps":16,"typeOfSection":0,"sectionNotes":[],"altAnim":false,"bpm":199,"changeBPM":false,"mustHitSection":false},{"lengthInSteps":16,"typeOfSection":0,"sectionNotes":[],"altAnim":false,"bpm":199,"changeBPM":false,"mustHitSection":true},{"lengthInSteps":16,"typeOfSection":0,"sectionNotes":[],"altAnim":false,"bpm":199,"changeBPM":false,"mustHitSection":true},{"lengthInSteps":16,"typeOfSection":0,"sectionNotes":[],"altAnim":false,"bpm":199,"changeBPM":false,"mustHitSection":false},{"lengthInSteps":16,"typeOfSection":0,"sectionNotes":[],"altAnim":false,"bpm":199,"changeBPM":false,"mustHitSection":true},{"lengthInSteps":16,"typeOfSection":0,"sectionNotes":[],"altAnim":false,"bpm":199,"changeBPM":false,"mustHitSection":false},{"lengthInSteps":16,"typeOfSection":0,"sectionNotes":[],"altAnim":false,"bpm":199,"changeBPM":false,"mustHitSection":true},{"lengthInSteps":16,"typeOfSection":0,"sectionNotes":[],"altAnim":false,"bpm":199,"changeBPM":false,"mustHitSection":false},{"sectionNotes":[],"typeOfSection":0,"lengthInSteps":16,"altAnim":false,"mustHitSection":true,"changeBPM":false,"bpm":199},{"sectionNotes":[],"typeOfSection":0,"lengthInSteps":16,"altAnim":false,"mustHitSection":false,"changeBPM":false,"bpm":199},{"lengthInSteps":16,"typeOfSection":0,"sectionNotes":[],"altAnim":false,"bpm":199,"changeBPM":false,"mustHitSection":true},{"sectionNotes":[],"typeOfSection":0,"lengthInSteps":16,"altAnim":false,"mustHitSection":true,"changeBPM":false,"bpm":199},{"lengthInSteps":16,"typeOfSection":0,"sectionNotes":[],"altAnim":false,"bpm":199,"changeBPM":false,"mustHitSection":false},{"lengthInSteps":16,"typeOfSection":0,"sectionNotes":[],"altAnim":false,"bpm":199,"changeBPM":false,"mustHitSection":true},{"lengthInSteps":16,"typeOfSection":0,"sectionNotes":[],"altAnim":false,"bpm":199,"changeBPM":false,"mustHitSection":true},{"lengthInSteps":16,"typeOfSection":0,"sectionNotes":[],"altAnim":false,"bpm":199,"changeBPM":false,"mustHitSection":true},{"lengthInSteps":16,"typeOfSection":0,"sectionNotes":[],"altAnim":false,"bpm":199,"changeBPM":false,"mustHitSection":true},{"lengthInSteps":16,"typeOfSection":0,"sectionNotes":[],"altAnim":false,"bpm":199,"changeBPM":false,"mustHitSection":true},{"lengthInSteps":16,"typeOfSection":0,"sectionNotes":[],"altAnim":false,"bpm":199,"changeBPM":false,"mustHitSection":true},{"sectionNotes":[],"typeOfSection":0,"lengthInSteps":16,"altAnim":false,"mustHitSection":true,"changeBPM":false,"bpm":199},{"lengthInSteps":16,"typeOfSection":0,"sectionNotes":[],"altAnim":false,"bpm":199,"changeBPM":false,"mustHitSection":true},{"lengthInSteps":16,"typeOfSection":0,"sectionNotes":[],"altAnim":false,"bpm":199,"changeBPM":false,"mustHitSection":true},{"lengthInSteps":16,"typeOfSection":0,"sectionNotes":[],"altAnim":false,"bpm":199,"changeBPM":false,"mustHitSection":true},{"sectionNotes":[],"typeOfSection":0,"lengthInSteps":16,"altAnim":false,"mustHitSection":true,"changeBPM":false,"bpm":199},{"sectionNotes":[],"typeOfSection":0,"lengthInSteps":16,"altAnim":false,"mustHitSection":true,"changeBPM":false,"bpm":140},{"sectionNotes":[],"typeOfSection":0,"lengthInSteps":16,"altAnim":false,"mustHitSection":true,"changeBPM":false,"bpm":140},{"sectionNotes":[],"typeOfSection":0,"lengthInSteps":16,"altAnim":false,"mustHitSection":true,"changeBPM":false,"bpm":140},{"sectionNotes":[],"typeOfSection":0,"lengthInSteps":16,"altAnim":false,"mustHitSection":true,"changeBPM":false,"bpm":140},{"lengthInSteps":16,"altAnim":false,"changeTimeScale":false,"typeOfSection":0,"sectionNotes":[],"bpm":140,"changeBPM":false,"timeScale":[4,4],"mustHitSection":true},{"lengthInSteps":16,"altAnim":false,"changeTimeScale":false,"typeOfSection":0,"sectionNotes":[],"bpm":120,"changeBPM":false,"timeScale":[4,4],"mustHitSection":true},{"lengthInSteps":16,"altAnim":false,"changeTimeScale":false,"typeOfSection":0,"sectionNotes":[],"bpm":120,"changeBPM":false,"timeScale":[4,4],"mustHitSection":true}],"player2":"sansshaggy2","mania":null,"endCutscene":"","song":"treelovania","validScore":true,"speed":2.5,"sectionLengths":[],"ui_Skin":"default","events":[],"cutscene":"","timescale":[4,4],"stage":"shaggyspooksans","sections":0,"needsVoices":true,"gf":"gf","bpm":120}}