{"song":{"player1":"bf","keyCount":9,"player2":"ronbrownshaggy","notes":[{"lengthInSteps":16,"sectionNotes":[[0,2,0,0,"default"],[150,3,0,0,"default"],[225,0,0,0,"default"],[300,4,0,0,"default"],[600,8,0,0,"default"],[675,5,0,0,"default"],[750,4,0,0,"default"],[900,2,0,0,"default"],[1050,0,0,0,"default"],[1125,3,0,0,"default"],[450,6,0,0,"default"]],"mustHitSection":false,"bpm":0.1},{"lengthInSteps":16,"sectionNotes":[[1200,4,0,0,"default"],[1350,2,0,0,"default"],[1500,3,0,0,"default"],[1650,5,0,0,"default"],[1800,8,0,0,"default"],[1950,6,0,0,"default"],[2100,4,0,0,"default"],[2250,1,0,0,"default"],[2175,2,0,0,"default"]],"mustHitSection":false,"bpm":0.1},{"lengthInSteps":16,"sectionNotes":[[2400,2,0,0,"default"],[2550,3,0,0,"default"],[2625,0,0,0,"default"],[2700,4,0,0,"default"],[3000,8,0,0,"default"],[3075,5,0,0,"default"],[3150,4,0,0,"default"],[3300,2,0,0,"default"],[3450,0,0,0,"default"],[3525,3,0,0,"default"],[2850,6,0,0,"default"]],"mustHitSection":true,"bpm":0.1},{"lengthInSteps":16,"sectionNotes":[[3600,4,0,0,"default"],[3750,2,0,0,"default"],[3900,3,0,0,"default"],[4050,5,0,0,"default"],[4200,8,0,0,"default"],[4350,6,0,0,"default"],[4500,4,225,0,"default"],[4425,3,0,0,"default"]],"mustHitSection":true,"bpm":0.1},{"lengthInSteps":16,"sectionNotes":[[4800,2,0,0,"default"],[4950,3,0,0,"default"],[5025,0,0,0,"default"],[5100,4,0,0,"default"],[5400,8,0,0,"default"],[5475,5,0,0,"default"],[5550,4,0,0,"default"],[5700,2,0,0,"default"],[5850,0,0,0,"default"],[5925,3,0,0,"default"],[4875,1,0,0,"default"],[5775,3,0,0,"default"],[5250,6,0,0,"default"],[5325,7,0,0,"default"]],"mustHitSection":false,"bpm":0.1},{"lengthInSteps":16,"sectionNotes":[[6000,4,0,0,"default"],[6150,2,0,0,"default"],[6300,3,0,0,"default"],[6450,5,0,0,"default"],[6600,8,0,0,"default"],[6750,6,0,0,"default"],[6900,4,0,0,"default"],[7050,1,0,0,"default"],[6975,2,0,0,"default"]],"mustHitSection":false,"bpm":0.1},{"lengthInSteps":16,"sectionNotes":[[7200,2,0,0,"default"],[7350,3,0,0,"default"],[7425,0,0,0,"default"],[7500,4,0,0,"default"],[7800,8,0,0,"default"],[7875,5,0,0,"default"],[7950,4,0,0,"default"],[8100,2,0,0,"default"],[8250,0,0,0,"default"],[8325,3,0,0,"default"],[7275,1,0,0,"default"],[8175,3,0,0,"default"],[7650,6,0,0,"default"],[7725,7,0,0,"default"]],"mustHitSection":true,"bpm":0.1},{"lengthInSteps":16,"sectionNotes":[[8400,4,0,0,"default"],[8550,2,0,0,"default"],[8700,3,0,0,"default"],[8850,5,0,0,"default"],[9000,8,0,0,"default"],[9150,6,0,0,"default"],[9300,4,0,0,"default"],[9450,1,0,0,"default"]],"mustHitSection":true,"bpm":0.1},{"lengthInSteps":16,"sectionNotes":[[9600,2,0,0,"default"],[9750,3,0,0,"default"],[9825,0,0,0,"default"],[9900,4,0,0,"default"],[10200,8,0,0,"default"],[10275,5,0,0,"default"],[10350,4,0,0,"default"],[10500,2,0,0,"default"],[10650,0,0,0,"default"],[10725,3,0,0,"default"],[10050,6,0,0,"default"]],"mustHitSection":false,"bpm":0.1},{"lengthInSteps":16,"sectionNotes":[[10800,4,0,0,"default"],[10950,2,0,0,"default"],[11100,3,0,0,"default"],[11250,5,0,0,"default"],[11400,8,0,0,"default"],[11550,6,0,0,"default"],[11700,4,0,0,"default"],[11850,1,0,0,"default"],[11775,2,0,0,"default"]],"mustHitSection":false,"bpm":0.1},{"lengthInSteps":16,"sectionNotes":[[12000,2,0,0,"default"],[12150,3,0,0,"default"],[12225,0,0,0,"default"],[12300,4,0,0,"default"],[12600,8,0,0,"default"],[12675,5,0,0,"default"],[12750,4,0,0,"default"],[12900,2,0,0,"default"],[13050,0,0,0,"default"],[13125,3,0,0,"default"],[12450,6,0,0,"default"]],"mustHitSection":true,"bpm":0.1},{"lengthInSteps":16,"sectionNotes":[[13200,4,0,0,"default"],[13350,2,0,0,"default"],[13500,3,0,0,"default"],[13650,5,0,0,"default"],[13800,8,0,0,"default"],[13950,6,0,0,"default"],[14100,4,225,0,"default"],[14025,3,0,0,"default"]],"mustHitSection":true,"bpm":0.1},{"lengthInSteps":16,"sectionNotes":[[14400,2,0,0,"default"],[14550,3,0,0,"default"],[14625,0,0,0,"default"],[14700,4,0,0,"default"],[15000,8,0,0,"default"],[15075,5,0,0,"default"],[15150,4,0,0,"default"],[15300,2,0,0,"default"],[15450,0,0,0,"default"],[15525,3,0,0,"default"],[14475,1,0,0,"default"],[15375,3,0,0,"default"],[14850,6,0,0,"default"],[14925,7,0,0,"default"]],"mustHitSection":false,"bpm":0.1},{"lengthInSteps":16,"sectionNotes":[[15600,4,0,0,"default"],[15750,2,0,0,"default"],[15900,3,0,0,"default"],[16050,5,0,0,"default"],[16200,8,0,0,"default"],[16350,6,0,0,"default"],[16500,4,0,0,"default"],[16650,1,0,0,"default"],[16575,2,0,0,"default"]],"mustHitSection":false,"bpm":0.1},{"lengthInSteps":16,"sectionNotes":[[16800,2,0,0,"default"],[16950,3,0,0,"default"],[17025,0,0,0,"default"],[17100,4,0,0,"default"],[17400,8,0,0,"default"],[17475,5,0,0,"default"],[17550,4,0,0,"default"],[17700,2,0,0,"default"],[17850,0,0,0,"default"],[17925,3,0,0,"default"],[16875,1,0,0,"default"],[17775,3,0,0,"default"],[17250,6,0,0,"default"],[17325,7,0,0,"default"]],"mustHitSection":true,"bpm":0.1},{"lengthInSteps":16,"sectionNotes":[[18000,4,0,0,"default"],[18150,2,0,0,"default"],[18300,3,0,0,"default"],[18450,5,0,0,"default"],[18600,8,0,0,"default"],[18750,6,0,0,"default"],[18900,4,0,0,"default"],[19050,1,0,0,"default"]],"mustHitSection":true,"bpm":0.1},{"lengthInSteps":16,"sectionNotes":[[19200,5,0,0,"default"],[19350,4,0,0,"default"],[19500,2,0,0,"default"],[19650,0,0,0,"default"],[19950,2,0,0,"default"],[20100,3,0,0,"default"],[20250,4,0,0,"default"]],"mustHitSection":false,"bpm":0.1},{"lengthInSteps":16,"sectionNotes":[[20400,5,0,0,"default"],[20550,6,0,0,"default"],[20625,7,0,0,"default"],[20700,5,0,0,"default"],[20850,2,0,0,"default"],[20925,3,0,0,"default"],[21000,5,0,0,"default"],[21150,3,0,0,"default"],[21300,1,0,0,"default"],[21450,2,0,0,"default"]],"mustHitSection":false,"bpm":0.1},{"lengthInSteps":16,"sectionNotes":[[21750,3,0,0,"default"],[21900,4,0,0,"default"],[21600,0,0,0,"default"],[22050,5,375,0,"default"],[22500,4,0,0,"default"]],"mustHitSection":false,"bpm":0.1},{"lengthInSteps":16,"sectionNotes":[[22800,3,0,0,"default"],[22950,2,0,0,"default"],[23100,0,0,0,"default"],[23250,5,0,0,"default"],[23550,3,0,0,"default"],[23700,5,0,0,"default"],[23850,6,0,0,"default"]],"mustHitSection":false,"bpm":0.1},{"lengthInSteps":16,"sectionNotes":[[24000,8,0,0,"default"],[24150,6,0,0,"default"],[24225,7,0,0,"default"],[24300,4,0,0,"default"],[24450,3,0,0,"default"],[24525,5,0,0,"default"],[24600,1,0,0,"default"],[24750,0,0,0,"default"],[24825,1,0,0,"default"],[24900,4,0,0,"default"],[25050,5,0,0,"default"],[25125,3,0,0,"default"]],"mustHitSection":false,"bpm":0.1},{"lengthInSteps":16,"sectionNotes":[[25200,6,0,0,"default"],[25350,5,0,0,"default"],[25425,7,0,0,"default"],[25500,4,0,0,"default"],[25650,3,0,0,"default"],[25725,2,0,0,"default"],[25800,1,0,0,"default"],[25950,3,0,0,"default"],[26025,5,0,0,"default"],[26100,4,0,0,"default"],[26250,6,0,0,"default"],[26325,5,0,0,"default"]],"mustHitSection":false,"bpm":0.1},{"lengthInSteps":16,"sectionNotes":[[26400,2,525,0,"default"],[27000,3,0,0,"default"],[27150,4,0,0,"default"],[27450,4,0,0,"default"]],"mustHitSection":false,"bpm":0.1},{"lengthInSteps":16,"sectionNotes":[[27750,4,0,0,"default"],[28050,4,0,0,"default"],[28200,3,0,0,"default"],[28350,5,0,0,"default"],[28425,2,0,0,"default"],[28500,6,0,0,"default"],[28650,5,0,0,"default"]],"mustHitSection":false,"bpm":0.1},{"lengthInSteps":16,"sectionNotes":[[28800,5,0,0,"default"],[28950,4,0,0,"default"],[29100,2,0,0,"default"],[29250,0,0,0,"default"],[29550,2,0,0,"default"],[29700,3,0,0,"default"],[29850,4,0,0,"default"]],"mustHitSection":true,"bpm":0.1},{"lengthInSteps":16,"sectionNotes":[[30000,5,0,0,"default"],[30150,6,0,0,"default"],[30225,7,0,0,"default"],[30300,5,0,0,"default"],[30450,2,0,0,"default"],[30525,3,0,0,"default"],[30600,5,0,0,"default"],[30750,3,0,0,"default"],[30900,1,0,0,"default"],[31050,2,0,0,"default"]],"mustHitSection":true,"bpm":0.1},{"lengthInSteps":16,"sectionNotes":[[31350,3,0,0,"default"],[31500,4,0,0,"default"],[31200,0,0,0,"default"],[31650,5,375,0,"default"],[32100,4,0,0,"default"]],"mustHitSection":true,"bpm":0.1},{"lengthInSteps":16,"sectionNotes":[[32400,3,0,0,"default"],[32550,2,0,0,"default"],[32700,0,0,0,"default"],[32850,5,0,0,"default"],[33150,3,0,0,"default"],[33300,5,0,0,"default"],[33450,6,0,0,"default"]],"mustHitSection":true,"bpm":0.1},{"lengthInSteps":16,"sectionNotes":[[33600,8,0,0,"default"],[33750,6,0,0,"default"],[33825,7,0,0,"default"],[33900,4,0,0,"default"],[34050,3,0,0,"default"],[34125,5,0,0,"default"],[34200,1,0,0,"default"],[34350,0,0,0,"default"],[34425,1,0,0,"default"],[34500,4,0,0,"default"],[34650,5,0,0,"default"],[34725,3,0,0,"default"]],"mustHitSection":true,"bpm":0.1},{"lengthInSteps":16,"sectionNotes":[[34800,6,0,0,"default"],[34950,5,0,0,"default"],[35025,7,0,0,"default"],[35100,4,0,0,"default"],[35250,3,0,0,"default"],[35325,2,0,0,"default"],[35400,1,0,0,"default"],[35550,3,0,0,"default"],[35625,5,0,0,"default"],[35700,4,0,0,"default"],[35850,6,0,0,"default"],[35925,5,0,0,"default"]],"mustHitSection":true,"bpm":0.1},{"lengthInSteps":16,"sectionNotes":[[36000,2,525,0,"default"],[36600,3,0,0,"default"],[36750,4,0,0,"default"],[37050,4,0,0,"default"]],"mustHitSection":true,"bpm":0.1},{"lengthInSteps":16,"sectionNotes":[[37350,4,0,0,"default"],[37650,4,0,0,"default"],[37800,3,0,0,"default"],[37950,5,0,0,"default"],[38025,2,0,0,"default"],[38100,6,0,0,"default"],[38250,5,0,0,"default"]],"mustHitSection":true,"bpm":0.1},{"altAnim":false,"mustHitSection":false,"lengthInSteps":16,"typeOfSection":0,"sectionNotes":[[39450,1,0,0,"default"],[38550,4,0,0,"default"],[38700,6,0,0,"default"],[38775,3,0,0,"default"],[38850,2,0,0,"default"],[39000,6,0,0,"default"],[39150,3,0,0,"default"],[39300,3,0,0,"default"],[39375,2,0,0,"default"]],"changeTimeScale":false,"timeScale":[4,4],"bpm":100,"changeBPM":false},{"altAnim":false,"mustHitSection":false,"lengthInSteps":16,"typeOfSection":0,"sectionNotes":[[39600,4,0,0,"default"],[39750,3,0,0,"default"],[39900,4,0,0,"default"],[39975,5,0,0,"default"],[40050,6,375,0,"default"],[40500,3,225,0,"default"]],"changeTimeScale":false,"timeScale":[4,4],"bpm":200,"changeBPM":false},{"altAnim":false,"mustHitSection":false,"lengthInSteps":16,"typeOfSection":0,"sectionNotes":[[40800,5,0,0,"default"],[40950,3,0,0,"default"],[41025,2,0,0,"default"],[41100,5,0,0,"default"],[41250,4,0,0,"default"],[41400,3,0,0,"default"],[41475,2,0,0,"default"],[41550,1,0,0,"default"],[41700,0,0,0,"default"]],"changeTimeScale":false,"timeScale":[4,4],"bpm":200,"changeBPM":false},{"altAnim":false,"mustHitSection":false,"lengthInSteps":16,"typeOfSection":0,"sectionNotes":[[42000,7,0,0,"default"],[42150,5,0,0,"default"],[42300,4,0,0,"default"],[42450,3,0,0,"default"],[42750,1,0,0,"default"],[42900,2,0,0,"default"],[43050,4,0,0,"default"]],"changeTimeScale":false,"timeScale":[4,4],"bpm":200,"changeBPM":false},{"altAnim":false,"mustHitSection":false,"lengthInSteps":16,"typeOfSection":0,"sectionNotes":[[43350,4,0,0,"default"],[43650,4,0,0,"default"],[43725,3,0,0,"default"],[43800,5,0,0,"default"],[43950,6,0,0,"default"],[44100,7,0,0,"default"],[44250,1,0,0,"default"]],"changeTimeScale":false,"timeScale":[4,4],"bpm":200,"changeBPM":false},{"altAnim":false,"mustHitSection":false,"lengthInSteps":16,"typeOfSection":0,"sectionNotes":[[44400,2,0,0,"default"],[44625,2,0,0,"default"],[44700,6,0,0,"default"],[44925,6,0,0,"default"],[45000,5,0,0,"default"],[45300,3,0,0,"default"],[45450,3,0,0,"default"]],"changeTimeScale":false,"timeScale":[4,4],"bpm":200,"changeBPM":false},{"altAnim":false,"mustHitSection":false,"lengthInSteps":16,"typeOfSection":0,"sectionNotes":[[45600,2,0,0,"default"],[45750,0,0,0,"default"],[45900,2,0,0,"default"],[46050,0,0,0,"default"],[46200,3,0,0,"default"],[46350,4,0,0,"default"],[46425,5,0,0,"default"],[46500,6,0,0,"default"],[46650,6,0,0,"default"]],"changeTimeScale":false,"timeScale":[4,4],"bpm":200,"changeBPM":false},{"altAnim":false,"mustHitSection":false,"lengthInSteps":16,"typeOfSection":0,"sectionNotes":[[46800,4,0,0,"default"],[46950,2,0,0,"default"],[47100,4,0,0,"default"],[47250,6,0,0,"default"],[47400,6,0,0,"default"],[47550,4,0,0,"default"],[47700,6,0,0,"default"],[47850,7,0,0,"default"]],"changeTimeScale":false,"timeScale":[4,4],"bpm":200,"changeBPM":false},{"altAnim":false,"mustHitSection":true,"lengthInSteps":16,"typeOfSection":0,"sectionNotes":[[48150,4,0,0,"default"],[48300,2,0,0,"default"],[48450,1,0,0,"default"],[48900,2,0,0,"default"],[49050,4,225,0,"default"],[48600,0,0,0,"default"],[48750,1,0,0,"default"],[48825,0,0,0,"default"]],"changeTimeScale":false,"timeScale":[4,4],"bpm":200,"changeBPM":false},{"altAnim":false,"mustHitSection":true,"lengthInSteps":16,"typeOfSection":0,"sectionNotes":[[49350,2,0,0,"default"],[49500,4,0,0,"default"],[49650,6,0,0,"default"],[49800,7,225,0,"default"],[50100,5,225,0,"default"]],"changeTimeScale":false,"timeScale":[4,4],"bpm":200,"changeBPM":false},{"altAnim":false,"mustHitSection":true,"lengthInSteps":16,"typeOfSection":0,"sectionNotes":[[50400,6,0,0,"default"],[50550,4,0,0,"default"],[50700,6,0,0,"default"],[50850,1,225,0,"default"],[51150,6,0,0,"default"],[51225,5,0,0,"default"],[51300,6,0,0,"default"],[51450,4,0,0,"default"]],"changeTimeScale":false,"timeScale":[4,4],"bpm":200,"changeBPM":false},{"altAnim":false,"mustHitSection":true,"lengthInSteps":16,"typeOfSection":0,"sectionNotes":[[51600,6,0,0,"default"],[51750,1,225,0,"default"],[52050,6,0,0,"default"],[52200,5,225,0,"default"],[52500,3,225,0,"default"]],"changeTimeScale":false,"timeScale":[4,4],"bpm":200,"changeBPM":false},{"altAnim":false,"mustHitSection":true,"lengthInSteps":16,"typeOfSection":0,"sectionNotes":[[52950,4,0,0,"default"],[53100,3,0,0,"default"],[53250,4,0,0,"default"],[53400,6,225,0,"default"],[53700,5,0,0,"default"],[53850,3,225,0,"default"]],"changeTimeScale":false,"timeScale":[4,4],"bpm":200,"changeBPM":false},{"altAnim":false,"mustHitSection":true,"lengthInSteps":16,"typeOfSection":0,"sectionNotes":[[54150,4,0,0,"default"],[54300,4,0,0,"default"],[54450,2,0,0,"default"],[54600,4,0,0,"default"],[54750,5,0,0,"default"],[54825,6,0,0,"default"],[54900,3,375,0,"default"]],"changeTimeScale":false,"timeScale":[4,4],"bpm":200,"changeBPM":false},{"altAnim":false,"mustHitSection":true,"lengthInSteps":16,"typeOfSection":0,"sectionNotes":[[55350,5,0,0,"default"],[55650,5,0,0,"default"],[55800,6,225,0,"default"],[56100,3,225,0,"default"]],"changeTimeScale":false,"timeScale":[4,4],"bpm":200,"changeBPM":false},{"altAnim":false,"mustHitSection":true,"lengthInSteps":16,"typeOfSection":0,"sectionNotes":[[56550,5,0,0,"default"],[56700,3,0,0,"default"],[56850,5,0,0,"default"],[57000,4,0,0,"default"],[57150,3,0,0,"default"],[57225,5,0,0,"default"],[57450,4,0,0,"default"],[57375,5,0,0,"default"],[57300,6,0,0,"default"]],"changeTimeScale":false,"timeScale":[4,4],"bpm":200,"changeBPM":false},{"altAnim":false,"mustHitSection":false,"lengthInSteps":16,"typeOfSection":0,"sectionNotes":[[57750,6,0,0,"default"],[57825,5,0,0,"default"],[57900,7,0,0,"default"],[58050,3,0,0,"default"],[58200,2,0,0,"default"],[58275,1,0,0,"default"],[58350,3,0,0,"default"],[57600,2,0,0,"default"],[57600,5,0,0,"default"],[58050,6,0,0,"default"],[58500,2,0,0,"default"],[58500,6,0,0,"default"],[58650,5,0,0,"default"],[58725,6,0,0,"default"]],"changeTimeScale":false,"timeScale":[4,4],"bpm":200,"changeBPM":false},{"altAnim":false,"mustHitSection":false,"lengthInSteps":16,"typeOfSection":0,"sectionNotes":[[58800,7,0,0,"default"],[58950,3,0,0,"default"],[58950,5,0,0,"default"],[59100,2,0,0,"default"],[59100,6,0,0,"default"],[59250,1,0,0,"default"],[59400,0,0,0,"default"],[59550,1,0,0,"default"],[59700,2,0,0,"default"],[59250,8,0,0,"default"],[59400,7,0,0,"default"],[59550,5,0,0,"default"],[59775,3,0,0,"default"],[59850,1,0,0,"default"],[59700,7,0,0,"default"],[59775,8,0,0,"default"],[59850,6,0,0,"default"]],"changeTimeScale":false,"timeScale":[4,4],"bpm":200,"changeBPM":false},{"altAnim":false,"mustHitSection":true,"lengthInSteps":16,"typeOfSection":0,"sectionNotes":[[60150,6,0,0,"default"],[60225,5,0,0,"default"],[60300,7,0,0,"default"],[60450,3,0,0,"default"],[60600,2,0,0,"default"],[60675,1,0,0,"default"],[60750,3,0,0,"default"],[60000,2,0,0,"default"],[60000,5,0,0,"default"],[60450,6,0,0,"default"],[60900,2,0,0,"default"],[60900,6,0,0,"default"],[61050,5,0,0,"default"],[61125,6,0,0,"default"]],"changeTimeScale":false,"timeScale":[4,4],"bpm":200,"changeBPM":false},{"altAnim":false,"mustHitSection":true,"lengthInSteps":16,"typeOfSection":0,"sectionNotes":[[61200,7,0,0,"default"],[61350,3,0,0,"default"],[61350,5,0,0,"default"],[61500,2,0,0,"default"],[61500,6,0,0,"default"],[61650,1,0,0,"default"],[61800,0,0,0,"default"],[61950,1,0,0,"default"],[61650,8,0,0,"default"],[61800,7,0,0,"default"],[61950,5,0,0,"default"],[62025,0,0,0,"default"],[62025,4,0,0,"default"],[62100,2,225,0,"default"],[62100,6,225,0,"default"]],"changeTimeScale":false,"timeScale":[4,4],"bpm":200,"changeBPM":false},{"altAnim":false,"mustHitSection":false,"lengthInSteps":16,"typeOfSection":0,"sectionNotes":[[62550,6,0,0,"default"],[62625,5,0,0,"default"],[62700,7,0,0,"default"],[62850,3,0,0,"default"],[63000,2,0,0,"default"],[63075,1,0,0,"default"],[63150,3,0,0,"default"],[62400,2,0,0,"default"],[62400,5,0,0,"default"],[62850,6,0,0,"default"],[63300,2,0,0,"default"],[63300,6,0,0,"default"],[63450,5,0,0,"default"],[63525,6,0,0,"default"],[62475,1,0,0,"default"],[62925,1,0,0,"default"],[63375,7,0,0,"default"]],"changeTimeScale":false,"timeScale":[4,4],"bpm":200,"changeBPM":false},{"altAnim":false,"mustHitSection":false,"lengthInSteps":16,"typeOfSection":0,"sectionNotes":[[63600,7,0,0,"default"],[63750,3,0,0,"default"],[63750,5,0,0,"default"],[63900,2,0,0,"default"],[63900,6,0,0,"default"],[64050,1,0,0,"default"],[64200,0,0,0,"default"],[64350,1,0,0,"default"],[64500,2,0,0,"default"],[64050,8,0,0,"default"],[64200,7,0,0,"default"],[64350,5,0,0,"default"],[64575,3,0,0,"default"],[64650,1,0,0,"default"],[64500,7,0,0,"default"],[64575,8,0,0,"default"],[64650,6,0,0,"default"]],"changeTimeScale":false,"timeScale":[4,4],"bpm":200,"changeBPM":false},{"altAnim":false,"mustHitSection":true,"lengthInSteps":16,"typeOfSection":0,"sectionNotes":[[64950,6,0,0,"default"],[65025,5,0,0,"default"],[65100,7,0,0,"default"],[65250,3,0,0,"default"],[65400,2,0,0,"default"],[65475,1,0,0,"default"],[65550,3,0,0,"default"],[64800,2,0,0,"default"],[64800,5,0,0,"default"],[65250,6,0,0,"default"],[65700,2,0,0,"default"],[65700,6,0,0,"default"],[65850,5,0,0,"default"],[65925,6,0,0,"default"],[64875,1,0,0,"default"],[65325,1,0,0,"default"],[65775,7,0,0,"default"]],"changeTimeScale":false,"timeScale":[4,4],"bpm":200,"changeBPM":false},{"altAnim":false,"mustHitSection":true,"lengthInSteps":16,"typeOfSection":0,"sectionNotes":[[66000,7,0,0,"default"],[66150,3,0,0,"default"],[66150,5,0,0,"default"],[66300,2,0,0,"default"],[66300,6,0,0,"default"],[66450,1,0,0,"default"],[66750,1,0,0,"default"],[66900,2,0,0,"default"],[66450,8,0,0,"default"],[66750,5,0,0,"default"],[67050,2,0,0,"default"],[66900,6,0,0,"default"],[67050,6,0,0,"default"],[66600,5,0,0,"default"],[66600,1,0,0,"default"]],"changeTimeScale":false,"timeScale":[4,4],"bpm":200,"changeBPM":false},{"altAnim":false,"mustHitSection":false,"lengthInSteps":16,"typeOfSection":0,"sectionNotes":[[67350,6,0,0,"default"],[67425,5,0,0,"default"],[67500,7,0,0,"default"],[67650,3,0,0,"default"],[67800,2,0,0,"default"],[67875,1,0,0,"default"],[67950,3,0,0,"default"],[67200,2,0,0,"default"],[67200,5,0,0,"default"],[67650,6,0,0,"default"],[68100,2,0,0,"default"],[68100,6,0,0,"default"],[68250,5,0,0,"default"],[68325,6,0,0,"default"]],"changeTimeScale":false,"timeScale":[4,4],"bpm":200,"changeBPM":false},{"altAnim":false,"mustHitSection":false,"lengthInSteps":16,"typeOfSection":0,"sectionNotes":[[68400,7,0,0,"default"],[68550,3,0,0,"default"],[68550,5,0,0,"default"],[68700,2,0,0,"default"],[68700,6,0,0,"default"],[68850,1,0,0,"default"],[69000,0,0,0,"default"],[69150,1,0,0,"default"],[69300,2,0,0,"default"],[68850,8,0,0,"default"],[69000,7,0,0,"default"],[69150,5,0,0,"default"],[69375,3,0,0,"default"],[69450,1,0,0,"default"],[69300,7,0,0,"default"],[69375,8,0,0,"default"],[69450,6,0,0,"default"]],"changeTimeScale":false,"timeScale":[4,4],"bpm":200,"changeBPM":false},{"altAnim":false,"mustHitSection":true,"lengthInSteps":16,"typeOfSection":0,"sectionNotes":[[69750,6,0,0,"default"],[69825,5,0,0,"default"],[69900,7,0,0,"default"],[70050,3,0,0,"default"],[70200,2,0,0,"default"],[70275,1,0,0,"default"],[70350,3,0,0,"default"],[69600,2,0,0,"default"],[69600,5,0,0,"default"],[70050,6,0,0,"default"],[70500,2,0,0,"default"],[70500,6,0,0,"default"],[70650,5,0,0,"default"],[70725,6,0,0,"default"]],"changeTimeScale":false,"timeScale":[4,4],"bpm":200,"changeBPM":false},{"altAnim":false,"mustHitSection":true,"lengthInSteps":16,"typeOfSection":0,"sectionNotes":[[70800,7,0,0,"default"],[70950,3,0,0,"default"],[70950,5,0,0,"default"],[71100,2,0,0,"default"],[71100,6,0,0,"default"],[71250,1,0,0,"default"],[71400,0,0,0,"default"],[71550,1,0,0,"default"],[71250,8,0,0,"default"],[71400,7,0,0,"default"],[71550,5,0,0,"default"],[71625,0,0,0,"default"],[71625,4,0,0,"default"],[71700,2,225,0,"default"],[71700,6,225,0,"default"]],"changeTimeScale":false,"timeScale":[4,4],"bpm":200,"changeBPM":false},{"altAnim":false,"mustHitSection":false,"lengthInSteps":16,"typeOfSection":0,"sectionNotes":[[72150,6,0,0,"default"],[72225,5,0,0,"default"],[72300,7,0,0,"default"],[72450,3,0,0,"default"],[72600,2,0,0,"default"],[72675,1,0,0,"default"],[72750,3,0,0,"default"],[72000,2,0,0,"default"],[72000,5,0,0,"default"],[72450,6,0,0,"default"],[72900,2,0,0,"default"],[72900,6,0,0,"default"],[73050,5,0,0,"default"],[73125,6,0,0,"default"],[72075,1,0,0,"default"],[72525,1,0,0,"default"],[72975,7,0,0,"default"]],"changeTimeScale":false,"timeScale":[4,4],"bpm":200,"changeBPM":false},{"altAnim":false,"mustHitSection":false,"lengthInSteps":16,"typeOfSection":0,"sectionNotes":[[73200,7,0,0,"default"],[73350,3,0,0,"default"],[73350,5,0,0,"default"],[73500,2,0,0,"default"],[73500,6,0,0,"default"],[73650,1,0,0,"default"],[73800,0,0,0,"default"],[73950,1,0,0,"default"],[74100,2,0,0,"default"],[73650,8,0,0,"default"],[73800,7,0,0,"default"],[73950,5,0,0,"default"],[74175,3,0,0,"default"],[74250,1,0,0,"default"],[74100,7,0,0,"default"],[74175,8,0,0,"default"],[74250,6,0,0,"default"]],"changeTimeScale":false,"timeScale":[4,4],"bpm":200,"changeBPM":false},{"altAnim":false,"mustHitSection":true,"lengthInSteps":16,"typeOfSection":0,"sectionNotes":[[74550,6,0,0,"default"],[74625,5,0,0,"default"],[74700,7,0,0,"default"],[74850,3,0,0,"default"],[75000,2,0,0,"default"],[75075,1,0,0,"default"],[75150,3,0,0,"default"],[74400,2,0,0,"default"],[74400,5,0,0,"default"],[74850,6,0,0,"default"],[75300,2,0,0,"default"],[75300,6,0,0,"default"],[75450,5,0,0,"default"],[75525,6,0,0,"default"],[74475,1,0,0,"default"],[74925,1,0,0,"default"],[75375,7,0,0,"default"]],"changeTimeScale":false,"timeScale":[4,4],"bpm":200,"changeBPM":false},{"altAnim":false,"mustHitSection":true,"lengthInSteps":16,"typeOfSection":0,"sectionNotes":[[75600,7,0,0,"default"],[75750,3,0,0,"default"],[75750,5,0,0,"default"],[75900,2,0,0,"default"],[75900,6,0,0,"default"],[76050,1,0,0,"default"],[76350,1,0,0,"default"],[76500,2,0,0,"default"],[76050,8,0,0,"default"],[76350,5,0,0,"default"],[76650,2,0,0,"default"],[76500,6,0,0,"default"],[76650,6,0,0,"default"],[76200,5,0,0,"default"],[76200,1,0,0,"default"]],"changeTimeScale":false,"timeScale":[4,4],"bpm":200,"changeBPM":false},{"altAnim":false,"mustHitSection":false,"lengthInSteps":16,"typeOfSection":0,"sectionNotes":[[76800,4,0,0,"default"],[76950,2,0,0,"default"],[77025,1,0,0,"default"],[77100,3,0,0,"default"],[77250,4,0,0,"default"],[77550,6,0,0,"default"],[77700,5,0,0,"default"],[77775,3,0,0,"default"],[77850,4,0,0,"default"]],"changeTimeScale":false,"timeScale":[4,4],"bpm":200,"changeBPM":false},{"altAnim":false,"mustHitSection":false,"lengthInSteps":16,"typeOfSection":0,"sectionNotes":[[78000,7,0,0,"default"],[78450,4,0,0,"default"],[78375,5,0,0,"default"],[78750,4,0,0,"default"],[78900,3,0,0,"default"],[79050,2,0,0,"default"],[78075,6,0,0,"default"],[78150,1,0,0,"default"],[78300,6,0,0,"default"]],"changeTimeScale":false,"timeScale":[4,4],"bpm":200,"changeBPM":false},{"altAnim":false,"mustHitSection":true,"lengthInSteps":16,"typeOfSection":0,"sectionNotes":[[79200,4,0,0,"default"],[79350,2,0,0,"default"],[79425,1,0,0,"default"],[79500,3,0,0,"default"],[79650,4,0,0,"default"],[79950,6,0,0,"default"],[80100,5,0,0,"default"],[80175,3,0,0,"default"],[80250,4,0,0,"default"]],"changeTimeScale":false,"timeScale":[4,4],"bpm":200,"changeBPM":false},{"altAnim":false,"mustHitSection":true,"lengthInSteps":16,"typeOfSection":0,"sectionNotes":[[80400,7,0,0,"default"],[80475,6,0,0,"default"],[80550,1,0,0,"default"],[80850,4,0,0,"default"],[80700,6,0,0,"default"],[80775,5,0,0,"default"],[81150,4,0,0,"default"],[81300,3,0,0,"default"],[81450,2,0,0,"default"]],"changeTimeScale":false,"timeScale":[4,4],"bpm":200,"changeBPM":false},{"altAnim":false,"mustHitSection":false,"lengthInSteps":16,"typeOfSection":0,"sectionNotes":[[81600,4,0,0,"default"],[81750,2,0,0,"default"],[81825,1,0,0,"default"],[81900,3,0,0,"default"],[82050,4,0,0,"default"],[82350,6,0,0,"default"],[82500,5,0,0,"default"],[82575,3,0,0,"default"],[82650,4,0,0,"default"],[81675,5,0,0,"default"],[81975,2,0,0,"default"],[82425,7,0,0,"default"]],"changeTimeScale":false,"timeScale":[4,4],"bpm":200,"changeBPM":false},{"altAnim":false,"mustHitSection":false,"lengthInSteps":16,"typeOfSection":0,"sectionNotes":[[82800,7,0,0,"default"],[83250,4,0,0,"default"],[83550,4,0,0,"default"],[83700,3,0,0,"default"],[83850,2,0,0,"default"],[82875,1,0,0,"default"],[82950,5,0,0,"default"],[83025,1,0,0,"default"],[83175,1,0,0,"default"],[83100,7,0,0,"default"],[83625,5,0,0,"default"]],"changeTimeScale":false,"timeScale":[4,4],"bpm":200,"changeBPM":false},{"altAnim":false,"mustHitSection":true,"lengthInSteps":16,"typeOfSection":0,"sectionNotes":[[84000,4,0,0,"default"],[84150,2,0,0,"default"],[84225,1,0,0,"default"],[84300,3,0,0,"default"],[84450,4,0,0,"default"],[84750,6,0,0,"default"],[84900,5,0,0,"default"],[84975,3,0,0,"default"],[85050,4,0,0,"default"],[84075,5,0,0,"default"],[84375,2,0,0,"default"],[84825,7,0,0,"default"]],"changeTimeScale":false,"timeScale":[4,4],"bpm":200,"changeBPM":false},{"altAnim":false,"mustHitSection":true,"lengthInSteps":16,"typeOfSection":0,"sectionNotes":[[85200,7,0,0,"default"],[85650,4,0,0,"default"],[85950,4,0,0,"default"],[86100,3,0,0,"default"],[86250,2,0,0,"default"],[85275,1,0,0,"default"],[85350,5,0,0,"default"],[85425,1,0,0,"default"],[85575,1,0,0,"default"],[85500,7,0,0,"default"],[86025,5,0,0,"default"]],"changeTimeScale":false,"timeScale":[4,4],"bpm":200,"changeBPM":false},{"altAnim":false,"mustHitSection":false,"lengthInSteps":16,"typeOfSection":0,"sectionNotes":[[86550,7,0,0],[86700,5,0,0],[86850,4,0,0],[87000,3,225,0],[87300,4,0,0],[87450,6,225,0]],"changeTimeScale":false,"timeScale":[4,4],"bpm":200,"changeBPM":false},{"altAnim":false,"mustHitSection":false,"lengthInSteps":16,"typeOfSection":0,"sectionNotes":[[87750,2,0,0],[87900,5,0,0],[88050,2,0,0],[88200,5,225,0],[88500,4,225,0]],"changeTimeScale":false,"timeScale":[4,4],"bpm":200,"changeBPM":false},{"altAnim":false,"mustHitSection":false,"lengthInSteps":16,"typeOfSection":0,"sectionNotes":[[88800,8,0,0],[88950,6,0,0],[89100,5,0,0],[89250,0,0,0],[89400,2,0,0],[89550,3,0,0],[89700,8,0,0],[89850,6,0,0]],"changeTimeScale":false,"timeScale":[4,4],"bpm":200,"changeBPM":false},{"altAnim":false,"mustHitSection":false,"lengthInSteps":16,"typeOfSection":0,"sectionNotes":[[90000,4,0,0],[90150,2,0,0],[90300,1,0,0],[90450,2,0,0],[90600,6,225,0],[90900,3,225,0]],"changeTimeScale":false,"timeScale":[4,4],"bpm":200,"changeBPM":false},{"altAnim":false,"mustHitSection":true,"lengthInSteps":16,"typeOfSection":0,"sectionNotes":[[91350,4,0,0],[91500,2,0,0],[91650,1,0,0],[91800,0,225,0],[92100,2,0,0],[92250,4,0,0]],"changeTimeScale":false,"timeScale":[4,4],"bpm":200,"changeBPM":false},{"altAnim":false,"mustHitSection":true,"lengthInSteps":16,"typeOfSection":0,"sectionNotes":[[92400,3,0,0],[92700,3,0,0],[92775,5,0,0],[92850,7,0,0],[92925,8,0,0],[93000,7,0,0],[92550,0,0,0],[93150,6,0,0],[93300,3,0,0],[93450,4,0,0]],"changeTimeScale":false,"timeScale":[4,4],"bpm":200,"changeBPM":false},{"altAnim":false,"mustHitSection":true,"lengthInSteps":16,"typeOfSection":0,"sectionNotes":[[93900,4,0,0],[93600,5,225,0],[94050,5,225,0],[94350,4,0,0],[94500,5,225,0]],"changeTimeScale":false,"timeScale":[4,4],"bpm":200,"changeBPM":false},{"altAnim":false,"mustHitSection":true,"lengthInSteps":16,"typeOfSection":0,"sectionNotes":[[94800,8,0,0],[94875,6,0,0],[94950,5,0,0],[95025,6,0,0],[95100,8,0,0],[95175,7,0,0],[95250,4,0,0],[95325,3,0,0],[95400,0,0,0],[95475,1,0,0],[95550,3,0,0],[95625,4,0,0],[95700,7,0,0],[95775,6,0,0],[95850,4,0,0],[95925,5,0,0]],"changeTimeScale":false,"timeScale":[4,4],"bpm":200,"changeBPM":false},{"altAnim":false,"mustHitSection":false,"lengthInSteps":16,"typeOfSection":0,"sectionNotes":[[96000,3,0,0,"default"],[96075,2,0,0,"default"],[96150,4,0,0,"default"],[96225,2,0,0,"default"],[96300,5,0,0,"default"],[96450,3,0,0,"default"],[96525,2,0,0,"default"],[96600,7,0,0,"default"],[96675,2,0,0,"default"],[96750,5,0,0,"default"],[96900,3,0,0,"default"],[96975,2,0,0,"default"],[97050,4,0,0,"default"]],"changeTimeScale":false,"timeScale":[4,4],"bpm":200,"changeBPM":false},{"altAnim":false,"mustHitSection":false,"lengthInSteps":16,"typeOfSection":0,"sectionNotes":[[97200,5,0,0,"default"],[97350,6,0,0,"default"],[97500,5,0,0,"default"],[97650,4,0,0,"default"],[97800,3,0,0,"default"],[97950,1,0,0,"default"],[98100,3,0,0,"default"],[98250,4,0,0,"default"]],"changeTimeScale":false,"timeScale":[4,4],"bpm":200,"changeBPM":false},{"altAnim":false,"mustHitSection":false,"lengthInSteps":16,"typeOfSection":0,"sectionNotes":[[98400,2,0,0,"default"],[98475,1,0,0,"default"],[98550,4,0,0,"default"],[98625,5,0,0,"default"],[98700,3,0,0,"default"],[98775,2,0,0,"default"],[98850,7,0,0,"default"],[98925,6,0,0,"default"],[99000,2,0,0,"default"],[99150,4,0,0,"default"],[99300,3,0,0,"default"],[99450,7,0,0,"default"]],"changeTimeScale":false,"timeScale":[4,4],"bpm":200,"changeBPM":false},{"altAnim":false,"mustHitSection":false,"lengthInSteps":16,"typeOfSection":0,"sectionNotes":[[99600,8,0,0,"default"],[99750,6,0,0,"default"],[99900,5,0,0,"default"],[100050,6,0,0,"default"],[100200,8,225,0,"default"],[100500,7,0,0,"default"],[100575,5,0,0,"default"],[100650,4,0,0,"default"],[100725,5,0,0,"default"]],"changeTimeScale":false,"timeScale":[4,4],"bpm":200,"changeBPM":false},{"altAnim":false,"mustHitSection":false,"lengthInSteps":16,"typeOfSection":0,"sectionNotes":[[100800,6,0,0,"default"],[100950,4,0,0,"default"],[101100,2,0,0,"default"],[101250,4,0,0,"default"],[101400,6,0,0,"default"],[101550,4,0,0,"default"],[101700,2,0,0,"default"],[101850,4,0,0,"default"]],"changeTimeScale":false,"timeScale":[4,4],"bpm":200,"changeBPM":false},{"altAnim":false,"mustHitSection":false,"lengthInSteps":16,"typeOfSection":0,"sectionNotes":[[102000,6,0,0,"default"],[102075,7,0,0,"default"],[102150,4,0,0,"default"],[102300,2,0,0,"default"],[102375,1,0,0,"default"],[102450,4,0,0,"default"],[102600,3,0,0,"default"],[102750,2,0,0,"default"],[102900,1,0,0,"default"],[103050,2,0,0,"default"]],"changeTimeScale":false,"timeScale":[4,4],"bpm":200,"changeBPM":false},{"altAnim":false,"mustHitSection":false,"lengthInSteps":16,"typeOfSection":0,"sectionNotes":[[103200,4,0,0,"default"],[103500,5,0,0,"default"],[103800,6,0,0,"default"],[104100,5,0,0,"default"]],"changeTimeScale":false,"timeScale":[4,4],"bpm":200,"changeBPM":false},{"altAnim":false,"mustHitSection":false,"lengthInSteps":16,"typeOfSection":0,"sectionNotes":[[104400,4,0,0,"default"],[104700,7,0,0,"default"],[105000,6,0,0,"default"],[105300,4,0,0,"default"],[105375,7,0,0,"default"],[105450,6,0,0,"default"],[105525,7,0,0,"default"]],"changeTimeScale":false,"timeScale":[4,4],"bpm":200,"changeBPM":false},{"altAnim":false,"mustHitSection":false,"lengthInSteps":16,"typeOfSection":0,"sectionNotes":[[105600,5,225,0,"default"],[105900,6,0,0,"default"],[105975,8,0,0,"default"],[106050,7,0,0,"default"],[106125,8,0,0,"default"],[106200,5,225,0,"default"],[106500,6,0,0,"default"],[106575,8,0,0,"default"],[106650,7,0,0,"default"],[106725,8,0,0,"default"],[105600,0,0,0,"default"],[105900,1,0,0,"default"],[106200,0,0,0,"default"],[106500,1,0,0,"default"]],"changeTimeScale":false,"timeScale":[4,4],"bpm":200,"changeBPM":false},{"altAnim":false,"mustHitSection":false,"lengthInSteps":16,"typeOfSection":0,"sectionNotes":[[106800,5,225,0,"default"],[107100,6,0,0,"default"],[107175,8,0,0,"default"],[107250,7,0,0,"default"],[107325,8,0,0,"default"],[107400,5,225,0,"default"],[107700,6,0,0,"default"],[107775,8,0,0,"default"],[107850,7,0,0,"default"],[107925,8,0,0,"default"],[106800,2,0,0,"default"],[107100,3,0,0,"default"],[107400,2,0,0,"default"],[107550,3,0,0,"default"],[107700,2,0,0,"default"],[107850,3,0,0,"default"]],"changeTimeScale":false,"timeScale":[4,4],"bpm":200,"changeBPM":false},{"altAnim":false,"mustHitSection":false,"lengthInSteps":16,"typeOfSection":0,"sectionNotes":[[108750,3,0,0,"default"],[109050,3,0,0,"default"],[108000,4,0,0,"default"],[108150,3,0,0,"default"],[108300,2,0,0,"default"],[108450,3,0,0,"default"],[108600,4,0,0,"default"],[108000,5,0,0,"default"],[108150,7,0,0,"default"],[108300,8,0,0,"default"],[108450,7,0,0,"default"],[108600,5,0,0,"default"],[108750,7,0,0,"default"],[109050,7,0,0,"default"],[108900,5,0,0,"default"]],"changeTimeScale":false,"timeScale":[4,4],"bpm":200,"changeBPM":false},{"altAnim":false,"mustHitSection":false,"lengthInSteps":16,"typeOfSection":0,"sectionNotes":[[109200,6,0,0,"default"],[109350,5,0,0,"default"],[109500,3,0,0,"default"],[109650,5,0,0,"default"],[109800,6,0,0,"default"],[109950,5,0,0,"default"],[110100,3,0,0,"default"],[110250,5,0,0,"default"],[109200,1,0,0,"default"],[109725,0,0,0,"default"],[110100,2,0,0,"default"]],"changeTimeScale":false,"timeScale":[4,4],"bpm":200,"changeBPM":false},{"altAnim":false,"mustHitSection":false,"lengthInSteps":16,"typeOfSection":0,"sectionNotes":[[110400,5,225,0,"default"],[110700,6,0,0,"default"],[110775,8,0,0,"default"],[110850,7,0,0,"default"],[110925,8,0,0,"default"],[111000,5,225,0,"default"],[111300,6,0,0,"default"],[111375,8,0,0,"default"],[111450,7,0,0,"default"],[111525,8,0,0,"default"],[110400,0,0,0,"default"],[110700,1,0,0,"default"],[111000,0,0,0,"default"],[111300,1,0,0,"default"]],"changeTimeScale":false,"timeScale":[4,4],"bpm":200,"changeBPM":false},{"altAnim":false,"mustHitSection":false,"lengthInSteps":16,"typeOfSection":0,"sectionNotes":[[111900,6,0,0,"default"],[112500,6,0,0,"default"],[111600,2,0,0,"default"],[111900,3,0,0,"default"],[111600,8,0,0,"default"],[111675,7,0,0,"default"],[111750,6,0,0,"default"],[112125,7,0,0,"default"],[112200,6,0,0,"default"],[111825,7,0,0,"default"],[111975,5,0,0,"default"],[112050,6,0,0,"default"],[112275,7,0,0,"default"],[112350,8,0,0,"default"],[112425,7,0,0,"default"],[112575,7,0,0,"default"],[112650,6,0,0,"default"],[112725,5,0,0,"default"],[112200,1,0,0,"default"],[112500,0,0,0,"default"]],"changeTimeScale":false,"timeScale":[4,4],"bpm":200,"changeBPM":false},{"altAnim":false,"mustHitSection":false,"lengthInSteps":16,"typeOfSection":0,"sectionNotes":[[112800,8,0,0,"default"],[112950,7,0,0,"default"],[113100,5,0,0,"default"],[113250,6,0,0,"default"],[113400,5,0,0,"default"],[113550,6,0,0,"default"],[113700,5,0,0,"default"],[113850,7,0,0,"default"],[112800,0,0,0,"default"],[113100,0,0,0,"default"],[113400,0,0,0,"default"],[113700,0,0,0,"default"]],"changeTimeScale":false,"timeScale":[4,4],"bpm":200,"changeBPM":false},{"altAnim":false,"mustHitSection":false,"lengthInSteps":16,"typeOfSection":0,"sectionNotes":[[114000,2,525,0,"default"],[114000,6,525,0,"default"],[114600,5,0,0,"default"],[114600,3,0,0,"default"],[114900,1,0,0,"default"],[114900,7,0,0,"default"]],"changeTimeScale":false,"timeScale":[4,4],"bpm":200,"changeBPM":false},{"altAnim":false,"mustHitSection":true,"lengthInSteps":16,"typeOfSection":0,"sectionNotes":[[115200,3,0,0,"default"],[115275,2,0,0,"default"],[115350,4,0,0,"default"],[115425,2,0,0,"default"],[115500,5,0,0,"default"],[115650,3,0,0,"default"],[115725,2,0,0,"default"],[115800,7,0,0,"default"],[115875,2,0,0,"default"],[115950,5,0,0,"default"],[116100,3,0,0,"default"],[116175,2,0,0,"default"],[116250,4,0,0,"default"]],"changeTimeScale":false,"timeScale":[4,4],"bpm":200,"changeBPM":false},{"altAnim":false,"mustHitSection":true,"lengthInSteps":16,"typeOfSection":0,"sectionNotes":[[116400,5,0,0,"default"],[116550,6,0,0,"default"],[116700,5,0,0,"default"],[116850,4,0,0,"default"],[117000,3,0,0,"default"],[117150,1,0,0,"default"],[117300,3,0,0,"default"],[117450,4,0,0,"default"]],"changeTimeScale":false,"timeScale":[4,4],"bpm":200,"changeBPM":false},{"altAnim":false,"mustHitSection":true,"lengthInSteps":16,"typeOfSection":0,"sectionNotes":[[117600,2,0,0,"default"],[117675,1,0,0,"default"],[117750,4,0,0,"default"],[117825,5,0,0,"default"],[117900,3,0,0,"default"],[117975,2,0,0,"default"],[118050,7,0,0,"default"],[118125,6,0,0,"default"],[118200,2,0,0,"default"],[118350,4,0,0,"default"],[118500,3,0,0,"default"],[118650,7,0,0,"default"]],"changeTimeScale":false,"timeScale":[4,4],"bpm":200,"changeBPM":false},{"altAnim":false,"mustHitSection":true,"lengthInSteps":16,"typeOfSection":0,"sectionNotes":[[118800,8,0,0,"default"],[118950,6,0,0,"default"],[119100,5,0,0,"default"],[119250,6,0,0,"default"],[119400,8,225,0,"default"],[119700,7,0,0,"default"],[119775,5,0,0,"default"],[119850,4,0,0,"default"],[119925,5,0,0,"default"]],"changeTimeScale":false,"timeScale":[4,4],"bpm":200,"changeBPM":false},{"altAnim":false,"mustHitSection":true,"lengthInSteps":16,"typeOfSection":0,"sectionNotes":[[120000,6,0,0,"default"],[120150,4,0,0,"default"],[120300,2,0,0,"default"],[120450,4,0,0,"default"],[120600,6,0,0,"default"],[120750,4,0,0,"default"],[120900,2,0,0,"default"],[121050,4,0,0,"default"]],"changeTimeScale":false,"timeScale":[4,4],"bpm":200,"changeBPM":false},{"altAnim":false,"mustHitSection":true,"lengthInSteps":16,"typeOfSection":0,"sectionNotes":[[121200,6,0,0,"default"],[121275,7,0,0,"default"],[121350,4,0,0,"default"],[121500,2,0,0,"default"],[121575,1,0,0,"default"],[121650,4,0,0,"default"],[121800,3,0,0,"default"],[121950,2,0,0,"default"],[122100,1,0,0,"default"],[122250,2,0,0,"default"]],"changeTimeScale":false,"timeScale":[4,4],"bpm":200,"changeBPM":false},{"altAnim":false,"mustHitSection":true,"lengthInSteps":16,"typeOfSection":0,"sectionNotes":[[122400,4,0,0,"default"],[122700,5,0,0,"default"],[123000,6,0,0,"default"],[123300,5,0,0,"default"]],"changeTimeScale":false,"timeScale":[4,4],"bpm":200,"changeBPM":false},{"altAnim":false,"mustHitSection":true,"lengthInSteps":16,"typeOfSection":0,"sectionNotes":[[123600,4,0,0,"default"],[123900,7,0,0,"default"],[124200,6,0,0,"default"],[124500,4,0,0,"default"],[124575,7,0,0,"default"],[124650,6,0,0,"default"],[124725,7,0,0,"default"]],"changeTimeScale":false,"timeScale":[4,4],"bpm":200,"changeBPM":false},{"altAnim":false,"mustHitSection":true,"lengthInSteps":16,"typeOfSection":0,"sectionNotes":[[124800,5,225,0,"default"],[125100,6,0,0,"default"],[125175,8,0,0,"default"],[125250,7,0,0,"default"],[125325,8,0,0,"default"],[125400,5,225,0,"default"],[125700,6,0,0,"default"],[125775,8,0,0,"default"],[125850,7,0,0,"default"],[125925,8,0,0,"default"],[124800,0,0,0,"default"],[125100,1,0,0,"default"],[125400,0,0,0,"default"],[125700,1,0,0,"default"]],"changeTimeScale":false,"timeScale":[4,4],"bpm":200,"changeBPM":false},{"altAnim":false,"mustHitSection":true,"lengthInSteps":16,"typeOfSection":0,"sectionNotes":[[126000,5,225,0,"default"],[126300,6,0,0,"default"],[126375,8,0,0,"default"],[126450,7,0,0,"default"],[126525,8,0,0,"default"],[126600,5,225,0,"default"],[126900,6,0,0,"default"],[126975,8,0,0,"default"],[127050,7,0,0,"default"],[127125,8,0,0,"default"],[126000,2,0,0,"default"],[126300,3,0,0,"default"],[126600,2,0,0,"default"],[126750,3,0,0,"default"],[126900,2,0,0,"default"],[127050,3,0,0,"default"]],"changeTimeScale":false,"timeScale":[4,4],"bpm":200,"changeBPM":false},{"altAnim":false,"mustHitSection":true,"lengthInSteps":16,"typeOfSection":0,"sectionNotes":[[127950,3,0,0,"default"],[128250,3,0,0,"default"],[127200,4,0,0,"default"],[127350,3,0,0,"default"],[127500,2,0,0,"default"],[127650,3,0,0,"default"],[127800,4,0,0,"default"],[127200,5,0,0,"default"],[127350,7,0,0,"default"],[127500,8,0,0,"default"],[127650,7,0,0,"default"],[127800,5,0,0,"default"],[127950,7,0,0,"default"],[128250,7,0,0,"default"],[128100,5,0,0,"default"]],"changeTimeScale":false,"timeScale":[4,4],"bpm":200,"changeBPM":false},{"altAnim":false,"mustHitSection":true,"lengthInSteps":16,"typeOfSection":0,"sectionNotes":[[128400,6,0,0,"default"],[128550,5,0,0,"default"],[128700,3,0,0,"default"],[128850,5,0,0,"default"],[129000,6,0,0,"default"],[129150,5,0,0,"default"],[129300,3,0,0,"default"],[129450,5,0,0,"default"],[128400,1,0,0,"default"],[128925,0,0,0,"default"],[129300,2,0,0,"default"]],"changeTimeScale":false,"timeScale":[4,4],"bpm":200,"changeBPM":false},{"altAnim":false,"mustHitSection":true,"lengthInSteps":16,"typeOfSection":0,"sectionNotes":[[129600,5,225,0,"default"],[129900,6,0,0,"default"],[129975,8,0,0,"default"],[130050,7,0,0,"default"],[130125,8,0,0,"default"],[130200,5,225,0,"default"],[130500,6,0,0,"default"],[130575,8,0,0,"default"],[130650,7,0,0,"default"],[130725,8,0,0,"default"],[129600,0,0,0,"default"],[129900,1,0,0,"default"],[130200,0,0,0,"default"],[130500,1,0,0,"default"]],"changeTimeScale":false,"timeScale":[4,4],"bpm":200,"changeBPM":false},{"altAnim":false,"mustHitSection":true,"lengthInSteps":16,"typeOfSection":0,"sectionNotes":[[131100,6,0,0,"default"],[131700,6,0,0,"default"],[130800,2,0,0,"default"],[131100,3,0,0,"default"],[130800,8,0,0,"default"],[130875,7,0,0,"default"],[130950,6,0,0,"default"],[131325,7,0,0,"default"],[131400,6,0,0,"default"],[131025,7,0,0,"default"],[131175,5,0,0,"default"],[131250,6,0,0,"default"],[131475,7,0,0,"default"],[131550,8,0,0,"default"],[131625,7,0,0,"default"],[131775,7,0,0,"default"],[131850,6,0,0,"default"],[131925,5,0,0,"default"],[131400,1,0,0,"default"],[131700,0,0,0,"default"]],"changeTimeScale":false,"timeScale":[4,4],"bpm":200,"changeBPM":false},{"altAnim":false,"mustHitSection":true,"lengthInSteps":16,"typeOfSection":0,"sectionNotes":[[132000,8,0,0,"default"],[132150,7,0,0,"default"],[132300,5,0,0,"default"],[132450,6,0,0,"default"],[132600,5,0,0,"default"],[132750,6,0,0,"default"],[132900,5,0,0,"default"],[133050,7,0,0,"default"],[132000,0,0,0,"default"],[132300,0,0,0,"default"],[132600,0,0,0,"default"],[132900,0,0,0,"default"]],"changeTimeScale":false,"timeScale":[4,4],"bpm":200,"changeBPM":false},{"altAnim":false,"mustHitSection":true,"lengthInSteps":16,"typeOfSection":0,"sectionNotes":[[133200,2,525,0,"default"],[133200,6,525,0,"default"],[133800,5,0,0,"default"],[133800,3,0,0,"default"],[134100,1,0,0,"default"],[134100,7,0,0,"default"]],"changeTimeScale":false,"timeScale":[4,4],"bpm":200,"changeBPM":false},{"altAnim":false,"mustHitSection":false,"lengthInSteps":16,"typeOfSection":0,"sectionNotes":[[134400,2,0,0,"default"],[134550,3,0,0,"default"],[134625,0,0,0,"default"],[134700,4,0,0,"default"],[135000,8,0,0,"default"],[135075,5,0,0,"default"],[135150,4,0,0,"default"],[135300,2,0,0,"default"],[135450,0,0,0,"default"],[135525,3,0,0,"default"],[134850,6,0,0,"default"]],"changeTimeScale":false,"timeScale":[4,4],"bpm":200,"changeBPM":false},{"altAnim":false,"mustHitSection":false,"lengthInSteps":16,"typeOfSection":0,"sectionNotes":[[135600,4,0,0,"default"],[135750,2,0,0,"default"],[135900,3,0,0,"default"],[136050,5,0,0,"default"],[136200,8,0,0,"default"],[136350,6,0,0,"default"],[136500,4,0,0,"default"],[136650,1,0,0,"default"],[136575,2,0,0,"default"]],"changeTimeScale":false,"timeScale":[4,4],"bpm":200,"changeBPM":false},{"altAnim":false,"mustHitSection":true,"lengthInSteps":16,"typeOfSection":0,"sectionNotes":[[136800,2,0,0,"default"],[136950,3,0,0,"default"],[137025,0,0,0,"default"],[137100,4,0,0,"default"],[137400,8,0,0,"default"],[137475,5,0,0,"default"],[137550,4,0,0,"default"],[137700,2,0,0,"default"],[137850,0,0,0,"default"],[137925,3,0,0,"default"],[137250,6,0,0,"default"]],"changeTimeScale":false,"timeScale":[4,4],"bpm":200,"changeBPM":false},{"altAnim":false,"mustHitSection":true,"lengthInSteps":16,"typeOfSection":0,"sectionNotes":[[138000,4,0,0,"default"],[138150,2,0,0,"default"],[138300,3,0,0,"default"],[138450,5,0,0,"default"],[138600,8,0,0,"default"],[138750,6,0,0,"default"],[138900,4,225,0,"default"],[138825,3,0,0,"default"]],"changeTimeScale":false,"timeScale":[4,4],"bpm":200,"changeBPM":false},{"altAnim":false,"mustHitSection":false,"lengthInSteps":16,"typeOfSection":0,"sectionNotes":[[139200,2,0,0,"default"],[139350,3,0,0,"default"],[139425,0,0,0,"default"],[139500,4,0,0,"default"],[139800,8,0,0,"default"],[139875,5,0,0,"default"],[139950,4,0,0,"default"],[140100,2,0,0,"default"],[140250,0,0,0,"default"],[140325,3,0,0,"default"],[139275,1,0,0,"default"],[140175,3,0,0,"default"],[139650,6,0,0,"default"],[139725,7,0,0,"default"]],"changeTimeScale":false,"timeScale":[4,4],"bpm":200,"changeBPM":false},{"altAnim":false,"mustHitSection":false,"lengthInSteps":16,"typeOfSection":0,"sectionNotes":[[140400,4,0,0,"default"],[140550,2,0,0,"default"],[140700,3,0,0,"default"],[140850,5,0,0,"default"],[141000,8,0,0,"default"],[141150,6,0,0,"default"],[141300,4,0,0,"default"],[141450,1,0,0,"default"],[141375,2,0,0,"default"]],"changeTimeScale":false,"timeScale":[4,4],"bpm":200,"changeBPM":false},{"altAnim":false,"mustHitSection":true,"lengthInSteps":16,"typeOfSection":0,"sectionNotes":[[141600,2,0,0,"default"],[141750,3,0,0,"default"],[141825,0,0,0,"default"],[141900,4,0,0,"default"],[142200,8,0,0,"default"],[142275,5,0,0,"default"],[142350,4,0,0,"default"],[142500,2,0,0,"default"],[142650,0,0,0,"default"],[142725,3,0,0,"default"],[141675,1,0,0,"default"],[142575,3,0,0,"default"],[142050,6,0,0,"default"],[142125,7,0,0,"default"]],"changeTimeScale":false,"timeScale":[4,4],"bpm":200,"changeBPM":false},{"altAnim":false,"mustHitSection":true,"lengthInSteps":16,"typeOfSection":0,"sectionNotes":[[142800,4,0,0,"default"],[142950,2,0,0,"default"],[143100,3,0,0,"default"],[143250,5,0,0,"default"],[143400,8,0,0,"default"],[143475,6,0,0],[143550,5,0,0],[143625,6,0,0],[143700,0,0,0],[143775,2,0,0],[143850,3,0,0],[143925,2,0,0]],"changeTimeScale":false,"timeScale":[4,4],"bpm":200,"changeBPM":false},{"altAnim":false,"mustHitSection":false,"lengthInSteps":16,"typeOfSection":0,"sectionNotes":[[144150,6,0,0,"default"],[144225,5,0,0,"default"],[144300,7,0,0,"default"],[144450,3,0,0,"default"],[144600,2,0,0,"default"],[144675,1,0,0,"default"],[144750,3,0,0,"default"],[144000,2,0,0,"default"],[144000,5,0,0,"default"],[144450,6,0,0,"default"],[144900,2,0,0,"default"],[144900,6,0,0,"default"],[145050,5,0,0,"default"],[145125,6,0,0,"default"]],"changeTimeScale":false,"timeScale":[4,4],"bpm":200,"changeBPM":false},{"altAnim":false,"mustHitSection":false,"lengthInSteps":16,"typeOfSection":0,"sectionNotes":[[145200,7,0,0,"default"],[145350,3,0,0,"default"],[145350,5,0,0,"default"],[145500,2,0,0,"default"],[145500,6,0,0,"default"],[145650,1,0,0,"default"],[145800,0,0,0,"default"],[145950,1,0,0,"default"],[146100,2,0,0,"default"],[145650,8,0,0,"default"],[145800,7,0,0,"default"],[145950,5,0,0,"default"],[146175,3,0,0,"default"],[146250,1,0,0,"default"],[146100,7,0,0,"default"],[146175,8,0,0,"default"],[146250,6,0,0,"default"]],"changeTimeScale":false,"timeScale":[4,4],"bpm":200,"changeBPM":false},{"altAnim":false,"mustHitSection":true,"lengthInSteps":16,"typeOfSection":0,"sectionNotes":[[146550,6,0,0,"default"],[146625,5,0,0,"default"],[146700,7,0,0,"default"],[146850,3,0,0,"default"],[147000,2,0,0,"default"],[147075,1,0,0,"default"],[147150,3,0,0,"default"],[146400,2,0,0,"default"],[146400,5,0,0,"default"],[146850,6,0,0,"default"],[147300,2,0,0,"default"],[147300,6,0,0,"default"],[147450,5,0,0,"default"],[147525,6,0,0,"default"]],"changeTimeScale":false,"timeScale":[4,4],"bpm":200,"changeBPM":false},{"altAnim":false,"mustHitSection":true,"lengthInSteps":16,"typeOfSection":0,"sectionNotes":[[147600,7,0,0,"default"],[147750,3,0,0,"default"],[147750,5,0,0,"default"],[147900,2,0,0,"default"],[147900,6,0,0,"default"],[148050,1,0,0,"default"],[148200,0,0,0,"default"],[148350,1,0,0,"default"],[148050,8,0,0,"default"],[148200,7,0,0,"default"],[148350,5,0,0,"default"],[148425,0,0,0,"default"],[148425,4,0,0,"default"],[148500,2,225,0,"default"],[148500,6,225,0,"default"]],"changeTimeScale":false,"timeScale":[4,4],"bpm":200,"changeBPM":false},{"altAnim":false,"mustHitSection":false,"lengthInSteps":16,"typeOfSection":0,"sectionNotes":[[148950,6,0,0,"default"],[149025,5,0,0,"default"],[149100,7,0,0,"default"],[149250,3,0,0,"default"],[149400,2,0,0,"default"],[149475,1,0,0,"default"],[149550,3,0,0,"default"],[148800,2,0,0,"default"],[148800,5,0,0,"default"],[149250,6,0,0,"default"],[149700,2,0,0,"default"],[149700,6,0,0,"default"],[149850,5,0,0,"default"],[149925,6,0,0,"default"],[148875,1,0,0,"default"],[149325,1,0,0,"default"],[149775,7,0,0,"default"]],"changeTimeScale":false,"timeScale":[4,4],"bpm":200,"changeBPM":false},{"altAnim":false,"mustHitSection":false,"lengthInSteps":16,"typeOfSection":0,"sectionNotes":[[150000,7,0,0,"default"],[150150,3,0,0,"default"],[150150,5,0,0,"default"],[150300,2,0,0,"default"],[150300,6,0,0,"default"],[150450,1,0,0,"default"],[150600,0,0,0,"default"],[150750,1,0,0,"default"],[150900,2,0,0,"default"],[150450,8,0,0,"default"],[150600,7,0,0,"default"],[150750,5,0,0,"default"],[150975,3,0,0,"default"],[151050,1,0,0,"default"],[150900,7,0,0,"default"],[150975,8,0,0,"default"],[151050,6,0,0,"default"]],"changeTimeScale":false,"timeScale":[4,4],"bpm":200,"changeBPM":false},{"altAnim":false,"mustHitSection":true,"lengthInSteps":16,"typeOfSection":0,"sectionNotes":[[151350,6,0,0,"default"],[151425,5,0,0,"default"],[151500,7,0,0,"default"],[151650,3,0,0,"default"],[151800,2,0,0,"default"],[151875,1,0,0,"default"],[151950,3,0,0,"default"],[151200,2,0,0,"default"],[151200,5,0,0,"default"],[151650,6,0,0,"default"],[152100,2,0,0,"default"],[152100,6,0,0,"default"],[152250,5,0,0,"default"],[152325,6,0,0,"default"],[151275,1,0,0,"default"],[151725,1,0,0,"default"],[152175,7,0,0,"default"]],"changeTimeScale":false,"timeScale":[4,4],"bpm":200,"changeBPM":false},{"altAnim":false,"mustHitSection":true,"lengthInSteps":16,"typeOfSection":0,"sectionNotes":[[152400,7,0,0,"default"],[152550,3,0,0,"default"],[152550,5,0,0,"default"],[152700,2,0,0,"default"],[152700,6,0,0,"default"],[152850,1,0,0,"default"],[153150,1,0,0,"default"],[153300,2,0,0,"default"],[152850,8,0,0,"default"],[153150,5,0,0,"default"],[153450,2,0,0,"default"],[153300,6,0,0,"default"],[153450,6,0,0,"default"],[153000,5,0,0,"default"],[153000,1,0,0,"default"]],"changeTimeScale":false,"timeScale":[4,4],"bpm":200,"changeBPM":false},{"altAnim":false,"mustHitSection":false,"lengthInSteps":16,"typeOfSection":0,"sectionNotes":[[153750,6,0,0,"default"],[153825,5,0,0,"default"],[153900,7,0,0,"default"],[154050,3,0,0,"default"],[154200,2,0,0,"default"],[154275,1,0,0,"default"],[154350,3,0,0,"default"],[153600,2,0,0,"default"],[153600,5,0,0,"default"],[154050,6,0,0,"default"],[154500,2,0,0,"default"],[154500,6,0,0,"default"],[154650,5,0,0,"default"],[154725,6,0,0,"default"]],"changeTimeScale":false,"timeScale":[4,4],"bpm":200,"changeBPM":false},{"altAnim":false,"mustHitSection":true,"lengthInSteps":16,"typeOfSection":0,"sectionNotes":[[154950,6,0,0,"default"],[155025,5,0,0,"default"],[155100,7,0,0,"default"],[155250,3,0,0,"default"],[155400,2,0,0,"default"],[155475,1,0,0,"default"],[155550,3,0,0,"default"],[154800,2,0,0,"default"],[154800,5,0,0,"default"],[155250,6,0,0,"default"],[155700,2,0,0,"default"],[155700,6,0,0,"default"],[155850,5,0,0,"default"],[155925,6,0,0,"default"]],"changeTimeScale":false,"timeScale":[4,4],"bpm":200,"changeBPM":false},{"altAnim":false,"mustHitSection":false,"lengthInSteps":16,"typeOfSection":0,"sectionNotes":[[156150,6,0,0,"default"],[156225,5,0,0,"default"],[156300,7,0,0,"default"],[156450,3,0,0,"default"],[156600,2,0,0,"default"],[156675,1,0,0,"default"],[156750,3,0,0,"default"],[156000,2,0,0,"default"],[156000,5,0,0,"default"],[156450,6,0,0,"default"],[156900,2,0,0,"default"],[156900,6,0,0,"default"],[157050,5,0,0,"default"],[157125,6,0,0,"default"],[156075,1,0,0,"default"],[156525,1,0,0,"default"],[156975,7,0,0,"default"]],"changeTimeScale":false,"timeScale":[4,4],"bpm":200,"changeBPM":false},{"altAnim":false,"mustHitSection":true,"lengthInSteps":16,"typeOfSection":0,"sectionNotes":[[157200,7,0,0,"default"],[157350,3,0,0,"default"],[157350,5,0,0,"default"],[157500,2,0,0,"default"],[157500,6,0,0,"default"],[157650,1,0,0,"default"],[157950,1,0,0,"default"],[157650,8,0,0,"default"],[157950,5,0,0,"default"],[157800,5,0,0,"default"],[157800,1,0,0,"default"],[158100,6,225,0,"default"],[158100,2,225,0,"default"]],"changeTimeScale":false,"timeScale":[4,4],"bpm":200,"changeBPM":false},{"altAnim":false,"mustHitSection":false,"lengthInSteps":16,"typeOfSection":0,"sectionNotes":[[158400,1,1125,0,"default"],[158400,7,1125,0,"default"],[158400,10,1125,0,"default"],[158400,16,1125,0,"default"]],"changeTimeScale":false,"timeScale":[4,4],"bpm":200,"changeBPM":false},{"altAnim":false,"mustHitSection":true,"lengthInSteps":16,"typeOfSection":0,"sectionNotes":[],"changeTimeScale":false,"timeScale":[4,4],"bpm":200,"changeBPM":false},{"altAnim":false,"mustHitSection":false,"lengthInSteps":16,"typeOfSection":0,"sectionNotes":[],"changeTimeScale":false,"timeScale":[4,4],"bpm":200,"changeBPM":false},{"altAnim":false,"mustHitSection":true,"lengthInSteps":16,"typeOfSection":0,"sectionNotes":[],"changeTimeScale":false,"timeScale":[4,4],"bpm":200,"changeBPM":false},{"altAnim":false,"mustHitSection":false,"lengthInSteps":16,"typeOfSection":0,"sectionNotes":[],"changeTimeScale":false,"timeScale":[4,4],"bpm":200,"changeBPM":false},{"altAnim":false,"mustHitSection":true,"lengthInSteps":16,"typeOfSection":0,"sectionNotes":[],"changeTimeScale":false,"timeScale":[4,4],"bpm":200,"changeBPM":false},{"altAnim":false,"mustHitSection":true,"lengthInSteps":16,"typeOfSection":0,"sectionNotes":[],"changeTimeScale":false,"timeScale":[4,4],"bpm":200,"changeBPM":false},{"altAnim":false,"mustHitSection":true,"lengthInSteps":16,"typeOfSection":0,"sectionNotes":[],"changeTimeScale":false,"timeScale":[4,4],"bpm":200,"changeBPM":false},{"altAnim":false,"mustHitSection":true,"lengthInSteps":16,"typeOfSection":0,"sectionNotes":[],"changeTimeScale":false,"timeScale":[4,4],"bpm":200,"changeBPM":false},{"altAnim":false,"mustHitSection":true,"lengthInSteps":16,"typeOfSection":0,"sectionNotes":[],"changeTimeScale":false,"timeScale":[4,4],"bpm":200,"changeBPM":false},{"altAnim":false,"mustHitSection":true,"lengthInSteps":16,"typeOfSection":0,"sectionNotes":[],"changeTimeScale":false,"timeScale":[4,4],"changeBPM":false,"bpm":200},{"altAnim":false,"mustHitSection":true,"lengthInSteps":16,"typeOfSection":0,"sectionNotes":[],"changeTimeScale":false,"timeScale":[4,4],"changeBPM":false,"bpm":200},{"altAnim":false,"mustHitSection":true,"lengthInSteps":16,"typeOfSection":0,"sectionNotes":[],"changeTimeScale":false,"timeScale":[4,4],"bpm":200,"changeBPM":false},{"lengthInSteps":16,"altAnim":false,"changeTimeScale":false,"typeOfSection":0,"sectionNotes":[],"bpm":200,"changeBPM":false,"timeScale":[4,4],"mustHitSection":true}],"playerKeyCount":9,"chartOffset":0,"modchartPath":"bsideinfiltrate","mania":null,"song":"Bside infiltrate","endCutscene":"","validScore":true,"speed":2.6,"ui_Skin":"default","events":[],"cutscene":"","timescale":[4,4],"stage":"infiltratebg","needsVoices":true,"bpm":200,"gf":"gf"}}