{"song":{"player1":"bf","keyCount":7,"playerKeyCount":7,"notes":[{"sectionNotes":[],"lengthInSteps":16,"typeOfSection":0,"mustHitSection":false,"bpm":0.1},{"sectionNotes":[],"lengthInSteps":16,"typeOfSection":0,"mustHitSection":false,"bpm":0.1},{"sectionNotes":[],"lengthInSteps":16,"typeOfSection":0,"mustHitSection":true,"bpm":0.1},{"sectionNotes":[],"lengthInSteps":16,"typeOfSection":0,"mustHitSection":true,"bpm":0.1},{"sectionNotes":[],"lengthInSteps":16,"typeOfSection":0,"mustHitSection":false,"bpm":0.1},{"sectionNotes":[],"lengthInSteps":16,"typeOfSection":0,"mustHitSection":false,"bpm":0.1},{"sectionNotes":[],"lengthInSteps":16,"typeOfSection":0,"mustHitSection":true,"bpm":0.1},{"sectionNotes":[],"lengthInSteps":16,"typeOfSection":0,"mustHitSection":true,"bpm":0.1},{"sectionNotes":[],"lengthInSteps":16,"typeOfSection":0,"dType":1,"mustHitSection":false,"bpm":0.1},{"sectionNotes":[],"lengthInSteps":16,"typeOfSection":0,"dType":1,"mustHitSection":false,"bpm":0.1},{"sectionNotes":[],"lengthInSteps":16,"typeOfSection":0,"dType":1,"mustHitSection":true,"bpm":0.1},{"sectionNotes":[],"lengthInSteps":16,"typeOfSection":0,"dType":1,"mustHitSection":true,"bpm":0.1},{"sectionNotes":[],"lengthInSteps":16,"typeOfSection":0,"mustHitSection":false,"bpm":0.1},{"sectionNotes":[],"lengthInSteps":16,"typeOfSection":0,"mustHitSection":false,"bpm":0.1},{"sectionNotes":[],"lengthInSteps":16,"typeOfSection":0,"mustHitSection":true,"bpm":0.1},{"sectionNotes":[],"lengthInSteps":16,"typeOfSection":0,"mustHitSection":true,"bpm":0.1},{"sectionNotes":[[21833.3333333333,0,0,0,"default"],[21333.3333333333,0,0,0,"default"],[22333.3333333333,0,0,0,"default"]],"lengthInSteps":16,"typeOfSection":0,"mustHitSection":false,"bpm":0.1},{"sectionNotes":[[22833.3333333333,0,0,0,"default"],[23333.3333333333,6,0,0,"default"],[23500,4,0,0,"default"],[23666.6666666667,3,0,0,"default"],[23833.3333333333,1,0,0,"default"]],"lengthInSteps":16,"typeOfSection":0,"mustHitSection":false,"bpm":0.1},{"sectionNotes":[[24500,0,0,0,"default"],[24000,0,0,0,"default"],[25000,0,0,0,"default"]],"lengthInSteps":16,"typeOfSection":0,"mustHitSection":true,"bpm":0.1},{"sectionNotes":[[25500,0,0,0,"default"],[26000,6,0,0,"default"],[26166.6666666667,4,0,0,"default"],[26333.3333333333,3,0,0,"default"],[26500,1,0,0,"default"]],"lengthInSteps":16,"typeOfSection":0,"mustHitSection":true,"bpm":0.1},{"sectionNotes":[[27166.6666666667,0,0,0,"default"],[26666.6666666667,0,0,0,"default"],[27666.6666666667,0,0,0,"default"],[26833.3333333333,6,0,0,"default"],[26916.6666666667,4,0,0,"default"],[27000,3,0,0,"default"],[27333.3333333333,1,0,0,"default"],[27416.6666666667,5,0,0,"default"],[27500,3,0,0,"default"],[27833.3333333333,6,0,0,"default"],[27916.6666666667,4,0,0,"default"]],"lengthInSteps":16,"typeOfSection":0,"mustHitSection":false,"bpm":0.1},{"sectionNotes":[[28166.6666666667,0,0,0,"default"],[28000,3,0,0,"default"],[28333.3333333333,2,0,0,"default"],[28500,5,0,0,"default"],[28750,5,0,0,"default"],[28833.3333333333,0,0,0,"default"],[28916.6666666667,1,0,0,"default"],[29000,4,0,0,"default"],[29083.3333333333,2,0,0,"default"],[29166.6666666667,3,0,0,"default"],[28666.6666666667,6,0,0,"default"]],"lengthInSteps":16,"typeOfSection":0,"mustHitSection":false,"bpm":0.1},{"sectionNotes":[[29833.3333333333,0,0,0,"default"],[29333.3333333333,0,0,0,"default"],[30333.3333333333,0,0,0,"default"],[29500,6,0,0,"default"],[29583.3333333333,4,0,0,"default"],[29666.6666666667,3,0,0,"default"],[30000,1,0,0,"default"],[30083.3333333333,5,0,0,"default"],[30166.6666666667,3,0,0,"default"],[30500,6,0,0,"default"],[30583.3333333333,4,0,0,"default"]],"lengthInSteps":16,"typeOfSection":0,"mustHitSection":true,"bpm":0.1},{"sectionNotes":[[30833.3333333333,0,0,0,"default"],[30666.6666666667,3,0,0,"default"],[31000,2,0,0,"default"],[31166.6666666667,5,0,0,"default"],[31416.6666666667,5,0,0,"default"],[31500,0,0,0,"default"],[31583.3333333333,1,0,0,"default"],[31666.6666666667,4,0,0,"default"],[31750,2,0,0,"default"],[31833.3333333333,3,0,0,"default"],[31333.3333333333,6,0,0,"default"]],"lengthInSteps":16,"typeOfSection":0,"mustHitSection":true,"bpm":0.1},{"sectionNotes":[[32000,0,0,0,"default"],[32166.6666666667,1,0,0,"default"],[32333.3333333333,2,0,0,"default"],[32500,6,0,0,"default"],[32666.6666666667,5,0,0,"default"],[32833.3333333333,4,0,0,"default"],[33000,3,0,0,"default"],[33166.6666666667,2,0,0,"default"]],"lengthInSteps":16,"typeOfSection":0,"dType":1,"mustHitSection":false,"bpm":0.1},{"sectionNotes":[[33333.3333333333,1,0,0,"default"],[33500,6,253,0,"default"],[33833.3333333333,5,0,0,"default"],[34000,4,0,0,"default"],[34166.6666666667,1,0,0,"default"],[34333.3333333333,3,0,0,"default"],[34500,2,0,0,"default"]],"lengthInSteps":16,"typeOfSection":0,"dType":1,"mustHitSection":false,"bpm":0.1},{"sectionNotes":[[34666.6666666667,0,0,0,"default"],[34833.3333333333,1,0,0,"default"],[35000,2,0,0,"default"],[35166.6666666667,6,0,0,"default"],[35333.3333333333,5,0,0,"default"],[35500,4,0,0,"default"],[35666.6666666666,3,0,0,"default"],[35833.3333333333,2,0,0,"default"]],"lengthInSteps":16,"typeOfSection":0,"dType":1,"mustHitSection":true,"bpm":0.1},{"sectionNotes":[[36000,1,0,0,"default"],[36166.6666666666,6,253,0,"default"],[36500,5,0,0,"default"],[36666.6666666666,4,0,0,"default"],[36833.3333333333,1,0,0,"default"],[37000,3,0,0,"default"],[37166.6666666666,2,0,0,"default"]],"lengthInSteps":16,"typeOfSection":0,"dType":1,"mustHitSection":true,"bpm":0.1},{"sectionNotes":[[37333.3333333333,1,0,0,"default"],[37500,4,0,0,"default"],[37666.6666666667,6,0,0,"default"],[37833.3333333333,1,0,0,"default"],[38000,4,0,0,"default"],[38166.6666666667,5,0,0,"default"],[38333.3333333333,1,0,0,"default"],[38500,3,0,0,"default"]],"lengthInSteps":16,"typeOfSection":0,"mustHitSection":false,"bpm":0.1},{"sectionNotes":[[38666.6666666667,4,0,0,"default"],[38833.3333333333,0,0,0,"default"],[39000,2,0,0,"default"],[39166.6666666667,3,0,0,"default"],[39333.3333333333,5,0,0,"default"],[39500,6,0,0,"default"],[39666.6666666667,4,0,0,"default"],[39750,2,0,0,"default"],[39833.3333333333,0,0,0,"default"]],"lengthInSteps":16,"typeOfSection":0,"mustHitSection":false,"bpm":0.1},{"sectionNotes":[[40000,1,0,0,"default"],[40166.6666666667,4,0,0,"default"],[40333.3333333333,6,0,0,"default"],[40500,1,0,0,"default"],[40666.6666666667,4,0,0,"default"],[40833.3333333333,5,0,0,"default"],[41000,1,0,0,"default"],[41166.6666666667,3,0,0,"default"]],"lengthInSteps":16,"typeOfSection":0,"mustHitSection":true,"bpm":0.1},{"sectionNotes":[[41333.3333333333,4,0,0,"default"],[41500,0,0,0,"default"],[41666.6666666667,2,0,0,"default"],[41833.3333333333,3,0,0,"default"],[42000,5,0,0,"default"],[42166.6666666667,6,0,0,"default"],[42333.3333333333,0,252,0,"default"]],"lengthInSteps":16,"typeOfSection":0,"mustHitSection":true,"bpm":0.1},{"typeOfSection":0,"sectionNotes":[[42833.3333333333,6,252,0,"default"],[43166.6666666667,5,0,0,"default"],[43333.3333333333,3,252,0,"default"],[43666.6666666667,0,252,0,"default"]],"lengthInSteps":16,"bpm":100,"changeBPM":false,"mustHitSection":false},{"typeOfSection":0,"sectionNotes":[[44000,1,0,0,"default"],[44166.6666666667,2,0,0,"default"],[44333.3333333333,0,0,0,"default"],[44500,3,424,0,"default"],[45000,5,252,0,"default"]],"lengthInSteps":16,"altAnim":false,"bpm":100,"changeBPM":false,"mustHitSection":false},{"lengthInSteps":16,"typeOfSection":0,"sectionNotes":[[45333.3333333333,3,0,0,"default"],[45416.6666666667,4,168,0,"default"],[45666.6666666667,2,0,0,"default"],[45833.3333333333,0,0,0,"default"],[45916.6666666667,1,168,0,"default"],[46166.6666666667,3,0,0,"default"],[46333.3333333333,5,0,0,"default"],[46500,6,0,0,"default"]],"altAnim":false,"dType":0,"bpm":100,"changeBPM":false,"mustHitSection":false},{"lengthInSteps":16,"typeOfSection":0,"sectionNotes":[[46666.6666666667,4,0,0,"default"],[46833.3333333333,1,0,0,"default"],[47000,0,0,0,"default"],[47166.6666666667,1,0,0,"default"],[47333.3333333333,4,252,0,"default"],[47666.6666666667,2,252,0,"default"]],"altAnim":false,"dType":0,"bpm":300,"changeBPM":false,"mustHitSection":false},{"lengthInSteps":16,"typeOfSection":0,"sectionNotes":[[48166.6666666667,6,252,0,"default"],[48500,5,0,0,"default"],[48666.6666666667,3,252,0,"default"],[49000,0,0,0,"default"],[49166.6666666667,3,252,0,"default"]],"altAnim":false,"dType":0,"bpm":300,"changeBPM":false,"mustHitSection":true},{"lengthInSteps":16,"typeOfSection":0,"sectionNotes":[[49500,2,0,0,"default"],[49666.6666666667,3,252,0,"default"],[50000,5,252,0,"default"],[50333.3333333334,3,252,0,"default"]],"altAnim":false,"dType":0,"bpm":300,"changeBPM":false,"mustHitSection":true},{"lengthInSteps":16,"typeOfSection":0,"sectionNotes":[[50833.3333333334,4,0,0,"default"],[51000,1,0,0,"default"],[51166.6666666667,4,0,0,"default"],[51500,5,0,0,"default"],[51833.3333333334,5,0,0,"default"],[51666.6666666667,3,0,0,"default"]],"altAnim":false,"dType":0,"bpm":300,"changeBPM":false,"mustHitSection":true},{"sectionNotes":[[52166.6666666667,6,0,0,"default"],[52333.3333333334,0,0,0,"default"],[52500,5,0,0,"default"],[52666.6666666667,1,0,0,"default"],[52833.3333333334,4,0,0,"default"],[53000,2,0,0,"default"],[53166.6666666667,3,0,0,"default"]],"typeOfSection":0,"lengthInSteps":16,"dType":0,"altAnim":false,"mustHitSection":true,"changeBPM":false,"bpm":300},{"sectionNotes":[[53500,2,0,0,"default"],[53666.6666666667,0,0,0,"default"],[53833.3333333334,2,0,0,"default"],[54000,5,252,0,"default"],[54333.3333333334,4,0,0,"default"]],"typeOfSection":0,"lengthInSteps":16,"dType":1,"altAnim":false,"mustHitSection":false,"changeBPM":false,"bpm":300},{"sectionNotes":[[54833.3333333334,1,0,0,"default"],[54916.6666666667,0,0,0,"default"],[55000,2,0,0,"default"],[55166.6666666667,4,0,0,"default"],[55333.3333333334,6,0,0,"default"],[55500,5,0,0,"default"],[55666.6666666667,3,0,0,"default"],[55750,0,0,0,"default"],[55833.3333333334,2,0,0,"default"]],"typeOfSection":0,"lengthInSteps":16,"dType":1,"altAnim":false,"mustHitSection":false,"changeBPM":false,"bpm":300},{"sectionNotes":[[56166.6666666667,2,0,0,"default"],[56333.3333333334,0,0,0,"default"],[56500,2,0,0,"default"],[56666.6666666667,5,252,0,"default"],[57000,4,0,0,"default"]],"typeOfSection":0,"lengthInSteps":16,"dType":1,"altAnim":false,"mustHitSection":true,"changeBPM":false,"bpm":300},{"sectionNotes":[[57500,1,0,0,"default"],[57583.3333333334,0,0,0,"default"],[57666.6666666667,2,0,0,"default"],[57833.3333333334,4,0,0,"default"],[58000,6,0,0,"default"],[58166.6666666667,5,0,0,"default"],[58333.3333333334,3,0,0,"default"],[58416.6666666667,0,0,0,"default"],[58500,2,0,0,"default"]],"typeOfSection":0,"lengthInSteps":16,"dType":1,"altAnim":false,"mustHitSection":true,"changeBPM":false,"bpm":300},{"sectionNotes":[[58666.6666666667,1,0,0,"default"],[58833.3333333334,1,0,0,"default"],[59000,1,0,0,"default"],[59166.6666666667,5,0,0,"default"],[59333.3333333334,5,0,0,"default"],[59500,5,0,0,"default"],[59666.6666666667,1,0,0,"default"],[59833.3333333334,1,0,0,"default"],[58666.6666666667,8,0,0,"default"],[58833.3333333334,8,0,0,"default"],[59000,8,0,0,"default"],[59166.6666666667,12,0,0,"default"],[59333.3333333334,12,0,0,"default"],[59500,12,0,0,"default"],[59666.6666666667,8,0,0,"default"],[59833.3333333334,8,0,0,"default"]],"typeOfSection":0,"lengthInSteps":16,"dType":0,"altAnim":false,"mustHitSection":false,"changeBPM":false,"bpm":300},{"sectionNotes":[[60000,1,0,0,"default"],[60166.6666666667,6,0,0,"default"],[60333.3333333334,6,0,0,"default"],[60500,6,0,0,"default"],[60666.6666666667,5,0,0,"default"],[60833.3333333334,5,0,0,"default"],[61000,4,0,0,"default"],[61166.6666666667,4,0,0,"default"],[60000,8,0,0,"default"],[60166.6666666667,13,0,0,"default"],[60333.3333333334,13,0,0,"default"],[60500,13,0,0,"default"],[60666.6666666667,12,0,0,"default"],[60833.3333333334,12,0,0,"default"],[61000,11,0,0,"default"],[61166.6666666667,11,0,0,"default"]],"typeOfSection":0,"lengthInSteps":16,"dType":0,"altAnim":false,"mustHitSection":true,"changeBPM":false,"bpm":300},{"sectionNotes":[[61333.3333333334,1,0,0,"default"],[61500,1,0,0,"default"],[61666.6666666667,1,0,0,"default"],[61833.3333333334,5,0,0,"default"],[62000,5,0,0,"default"],[62166.6666666667,5,0,0,"default"],[62333.3333333334,1,0,0,"default"],[62500,1,0,0,"default"],[61333.3333333334,8,0,0,"default"],[61500,8,0,0,"default"],[61666.6666666667,8,0,0,"default"],[61833.3333333334,12,0,0,"default"],[62000,12,0,0,"default"],[62166.6666666667,12,0,0,"default"],[62333.3333333334,8,0,0,"default"],[62500,8,0,0,"default"]],"typeOfSection":0,"lengthInSteps":16,"dType":0,"altAnim":false,"mustHitSection":false,"changeBPM":false,"bpm":300},{"sectionNotes":[[62666.6666666667,1,0,0,"default"],[62833.3333333334,6,0,0,"default"],[63000,6,0,0,"default"],[63166.6666666667,6,0,0,"default"],[63333.3333333334,5,0,0,"default"],[62666.6666666667,8,0,0,"default"],[62833.3333333334,13,0,0,"default"],[63000,13,0,0,"default"],[63166.6666666667,13,0,0,"default"],[63333.3333333334,12,0,0,"default"],[63500,4,0,0,"default"],[63666.6666666667,3,0,0,"default"],[63833.3333333334,2,0,0,"default"],[63500,11,0,0,"default"],[63666.6666666667,10,0,0,"default"],[63833.3333333334,9,0,0,"default"]],"typeOfSection":0,"lengthInSteps":16,"dType":0,"altAnim":false,"mustHitSection":true,"changeBPM":false,"bpm":300},{"sectionNotes":[[64000,3,0,0,"default"],[64000,10,0,0,"default"]],"typeOfSection":0,"lengthInSteps":16,"dType":0,"altAnim":false,"mustHitSection":false,"changeBPM":false,"bpm":300},{"sectionNotes":[],"typeOfSection":0,"lengthInSteps":16,"dType":0,"altAnim":false,"mustHitSection":false,"changeBPM":false,"bpm":300},{"sectionNotes":[],"typeOfSection":0,"lengthInSteps":16,"dType":0,"altAnim":false,"mustHitSection":false,"changeBPM":false,"bpm":300},{"sectionNotes":[],"typeOfSection":0,"lengthInSteps":16,"dType":0,"altAnim":false,"mustHitSection":false,"changeBPM":false,"bpm":300},{"sectionNotes":[],"typeOfSection":0,"lengthInSteps":16,"dType":0,"altAnim":false,"mustHitSection":true,"changeBPM":false,"bpm":300},{"sectionNotes":[],"typeOfSection":0,"lengthInSteps":16,"dType":0,"altAnim":false,"mustHitSection":true,"changeBPM":false,"bpm":300},{"sectionNotes":[],"typeOfSection":0,"lengthInSteps":16,"dType":0,"altAnim":false,"mustHitSection":true,"changeBPM":false,"bpm":300},{"sectionNotes":[],"typeOfSection":0,"lengthInSteps":16,"dType":0,"altAnim":false,"mustHitSection":true,"changeBPM":false,"bpm":300},{"sectionNotes":[[74666.6666666667,0,0,0,"default"],[75166.6666666667,0,0,0,"default"],[75666.6666666667,0,0,0,"default"]],"typeOfSection":0,"lengthInSteps":16,"dType":1,"altAnim":false,"mustHitSection":false,"changeBPM":false,"bpm":300},{"sectionNotes":[[76166.6666666667,6,0,0,"default"],[76666.6666666667,4,0,0,"default"],[77000,3,0,0,"default"]],"typeOfSection":0,"lengthInSteps":16,"dType":1,"altAnim":false,"mustHitSection":false,"changeBPM":false,"bpm":300},{"sectionNotes":[[77333.3333333334,0,0,0,"default"],[77833.3333333334,0,0,0,"default"],[78333.3333333334,0,0,0,"default"]],"typeOfSection":0,"lengthInSteps":16,"dType":1,"altAnim":false,"mustHitSection":false,"changeBPM":false,"bpm":300},{"sectionNotes":[[78666.6666666667,3,0,0,"default"],[78750,1,0,0,"default"],[78833.3333333333,0,0,0,"default"],[78916.6666666667,1,0,0,"default"],[79000,3,0,0,"default"],[79166.6666666667,5,252,0,"default"],[79500,3,0,0,"default"],[79666.6666666667,0,0,0,"default"],[79833.3333333333,3,0,0,"default"]],"typeOfSection":0,"lengthInSteps":16,"dType":1,"altAnim":false,"mustHitSection":false,"changeBPM":false,"bpm":300},{"sectionNotes":[[80166.6666666667,3,0,0,"default"],[80333.3333333333,0,0,0,"default"],[80500,3,0,0,"default"],[80833.3333333333,4,0,0,"default"],[81000,1,0,0,"default"],[81166.6666666667,4,0,0,"default"]],"typeOfSection":0,"lengthInSteps":16,"dType":0,"altAnim":false,"mustHitSection":false,"changeBPM":false,"bpm":300},{"sectionNotes":[[81500,3,0,0,"default"],[81666.6666666667,5,0,0,"default"],[81833.3333333333,3,0,0,"default"],[82000,0,0,0,"default"],[82166.6666666667,3,0,0,"default"],[82333.3333333333,5,0,0,"default"],[82500,6,0,0,"default"]],"typeOfSection":0,"lengthInSteps":16,"dType":0,"altAnim":false,"mustHitSection":false,"changeBPM":false,"bpm":300},{"sectionNotes":[[82833.3333333333,6,0,0,"default"],[83000,4,0,0,"default"],[83166.6666666667,6,0,0,"default"],[83500,6,0,0,"default"],[83666.6666666667,4,0,0,"default"],[83833.3333333333,6,0,0,"default"]],"typeOfSection":0,"lengthInSteps":16,"dType":0,"altAnim":false,"mustHitSection":false,"changeBPM":false,"bpm":300},{"sectionNotes":[[84166.6666666667,0,0,0,"default"],[84333.3333333333,1,0,0,"default"],[84500,3,252,0,"default"],[84833.3333333333,2,0,0,"default"],[85000,4,0,0,"default"],[85166.6666666667,5,0,0,"default"]],"typeOfSection":0,"lengthInSteps":16,"dType":0,"altAnim":false,"mustHitSection":false,"changeBPM":false,"bpm":300},{"sectionNotes":[[85333.3333333334,0,0,0,"default"],[85833.3333333334,0,0,0,"default"],[86333.3333333334,0,0,0,"default"]],"typeOfSection":0,"lengthInSteps":16,"dType":0,"altAnim":false,"mustHitSection":true,"changeBPM":false,"bpm":300},{"sectionNotes":[[86833.3333333334,6,0,0,"default"],[87333.3333333334,4,0,0,"default"],[87666.6666666667,3,0,0,"default"]],"typeOfSection":0,"lengthInSteps":16,"dType":0,"altAnim":false,"mustHitSection":true,"changeBPM":false,"bpm":300},{"sectionNotes":[[88000,0,0,0,"default"],[88500,0,0,0,"default"],[89000,0,0,0,"default"]],"typeOfSection":0,"lengthInSteps":16,"dType":0,"altAnim":false,"mustHitSection":true,"changeBPM":false,"bpm":300},{"sectionNotes":[[89333.3333333333,3,0,0,"default"],[89416.6666666667,1,0,0,"default"],[89500,0,0,0,"default"],[89583.3333333333,1,0,0,"default"],[89666.6666666667,3,0,0,"default"],[89833.3333333333,5,252,0,"default"],[90166.6666666667,3,0,0,"default"],[90333.3333333333,0,0,0,"default"],[90500,3,0,0,"default"]],"typeOfSection":0,"lengthInSteps":16,"dType":0,"altAnim":false,"mustHitSection":true,"changeBPM":false,"bpm":300},{"sectionNotes":[[90833.3333333333,3,0,0,"default"],[91000,0,0,0,"default"],[91166.6666666667,3,0,0,"default"],[91500,4,0,0,"default"],[91666.6666666667,1,0,0,"default"],[91833.3333333333,4,0,0,"default"]],"typeOfSection":0,"lengthInSteps":16,"dType":0,"altAnim":false,"mustHitSection":true,"changeBPM":false,"bpm":300},{"sectionNotes":[[92166.6666666667,3,0,0,"default"],[92333.3333333333,5,0,0,"default"],[92500,3,0,0,"default"],[92666.6666666667,0,0,0,"default"],[92833.3333333333,3,0,0,"default"],[93000,5,0,0,"default"],[93166.6666666667,6,0,0,"default"]],"typeOfSection":0,"lengthInSteps":16,"dType":0,"altAnim":false,"mustHitSection":true,"changeBPM":false,"bpm":300},{"sectionNotes":[[93500,6,0,0,"default"],[93666.6666666667,4,0,0,"default"],[93833.3333333333,6,0,0,"default"],[94166.6666666667,6,0,0,"default"],[94333.3333333333,4,0,0,"default"],[94500,6,0,0,"default"]],"typeOfSection":0,"lengthInSteps":16,"dType":0,"altAnim":false,"mustHitSection":true,"changeBPM":false,"bpm":300},{"sectionNotes":[[94833.3333333333,0,0,0,"default"],[95000,1,0,0,"default"],[95166.6666666667,3,252,0,"default"],[95500,2,0,0,"default"],[95666.6666666667,4,0,0,"default"],[95833.3333333333,5,0,0,"default"]],"typeOfSection":0,"lengthInSteps":16,"dType":0,"altAnim":false,"mustHitSection":true,"changeBPM":false,"bpm":300},{"sectionNotes":[[96166.6666666666,3,0,1,"default"],[96333.3333333333,2,0,1,"default"],[96499.9999999999,4,0,1,"default"],[96583.3333333333,3,0,1,"default"],[96666.6666666666,6,0,1,"default"],[96833.3333333333,3,0,1,"default"],[97166.6666666666,3,0,1,"default"],[96999.9999999999,2,0,1,"default"]],"typeOfSection":0,"lengthInSteps":16,"dType":2,"altAnim":false,"mustHitSection":false,"changeBPM":false,"bpm":300},{"sectionNotes":[[97666.6666666666,3,0,1,"default"],[97333.3333333333,2,252,1,"default"],[97833.3333333333,2,252,1,"default"],[98166.6666666666,1,0,1,"default"],[98333.3333333333,0,0,1,"default"],[98499.9999999999,1,0,1,"default"]],"typeOfSection":0,"lengthInSteps":16,"dType":2,"altAnim":false,"mustHitSection":false,"changeBPM":false,"bpm":300},{"sectionNotes":[[98666.6666666666,2,0,1,"default"],[98999.9999999999,6,0,1,"default"],[99166.6666666666,1,0,1,"default"],[99499.9999999999,5,0,1,"default"],[99666.6666666666,3,0,1,"default"],[99833.3333333333,5,0,1,"default"]],"typeOfSection":0,"lengthInSteps":16,"dType":2,"altAnim":false,"mustHitSection":false,"changeBPM":false,"bpm":300},{"sectionNotes":[[99999.9999999999,1,0,1,"default"],[100166.666666667,2,0,1,"default"],[100333.333333333,4,0,1,"default"],[100500,5,0,1,"default"],[101166.666666667,3,0,1,"default"],[100666.666666667,3,0,1,"default"],[100916.666666667,2,0,1,"default"]],"typeOfSection":0,"lengthInSteps":16,"dType":2,"altAnim":false,"mustHitSection":false,"changeBPM":false,"bpm":300},{"sectionNotes":[[101333.333333333,10,252,1,"default"],[101500,3,0,1,"default"],[101666.666666667,2,0,1,"default"],[101833.333333333,4,0,1,"default"],[101916.666666667,3,0,1,"default"],[102000,6,0,1,"default"],[102166.666666667,3,0,1,"default"],[102500,3,0,1,"default"],[102333.333333333,2,0,1,"default"]],"typeOfSection":0,"lengthInSteps":16,"dType":0,"altAnim":false,"mustHitSection":true,"changeBPM":false,"bpm":300},{"sectionNotes":[[103000,3,0,1,"default"],[102666.666666667,2,252,1,"default"],[103166.666666667,2,252,1,"default"],[103500,1,0,1,"default"],[103666.666666667,0,0,1,"default"],[103833.333333333,1,0,1,"default"]],"typeOfSection":0,"lengthInSteps":16,"dType":0,"altAnim":false,"mustHitSection":true,"changeBPM":false,"bpm":300},{"sectionNotes":[[104000,2,0,1,"default"],[104333.333333333,6,0,1,"default"],[104500,1,0,1,"default"],[104833.333333333,5,0,1,"default"],[105000,3,0,1,"default"],[105166.666666667,5,0,1,"default"]],"typeOfSection":0,"lengthInSteps":16,"dType":0,"altAnim":false,"mustHitSection":true,"changeBPM":false,"bpm":300},{"sectionNotes":[[105333.333333333,1,0,1,"default"],[105500,2,0,1,"default"],[105666.666666667,4,0,1,"default"],[105833.333333333,5,0,1,"default"],[106500,3,0,1,"default"],[106000,3,0,1,"default"],[106250,2,0,1,"default"]],"typeOfSection":0,"lengthInSteps":16,"dType":0,"altAnim":false,"mustHitSection":true,"changeBPM":false,"bpm":300},{"sectionNotes":[[106666.666666667,6,0,0,"default"],[106833.333333333,4,0,0,"default"],[107000,2,0,0,"default"],[107166.666666667,0,0,0,"default"],[107333.333333333,6,0,1,"default"],[107500,4,0,1,"default"],[107666.666666667,2,0,1,"default"],[107833.333333333,0,0,1,"default"]],"typeOfSection":0,"lengthInSteps":16,"dType":2,"altAnim":false,"mustHitSection":false,"changeBPM":false,"bpm":300},{"sectionNotes":[[108000,6,0,0,"default"],[108083.333333333,4,0,0,"default"],[108166.666666667,5,0,0,"default"],[108333.333333333,0,0,1,"default"],[108416.666666667,2,0,1,"default"],[108500,1,0,1,"default"],[108666.666666667,2,0,1,"default"],[109166.666666667,2,0,1,"default"],[109000,0,0,1,"default"],[108666.666666667,6,0,0,"default"],[109000,5,0,0,"default"],[109166.666666667,4,0,0,"default"]],"typeOfSection":0,"lengthInSteps":16,"dType":2,"altAnim":false,"mustHitSection":false,"changeBPM":false,"bpm":300},{"sectionNotes":[[109333.333333333,6,0,0,"default"],[109500,4,0,0,"default"],[109666.666666667,2,0,0,"default"],[109833.333333333,0,0,0,"default"],[110000,6,0,1,"default"],[110166.666666667,4,0,1,"default"],[110333.333333333,2,0,1,"default"],[110500,0,0,1,"default"]],"typeOfSection":0,"lengthInSteps":16,"dType":2,"altAnim":false,"mustHitSection":true,"changeBPM":false,"bpm":300},{"sectionNotes":[[110666.666666667,6,0,0,"default"],[110750,4,0,0,"default"],[110833.333333333,5,0,0,"default"],[111000,0,0,1,"default"],[111083.333333333,2,0,1,"default"],[111166.666666667,1,0,1,"default"],[111333.333333333,2,0,1,"default"],[111833.333333333,2,0,1,"default"],[111666.666666667,0,0,1,"default"],[111333.333333333,6,0,0,"default"],[111666.666666667,5,0,0,"default"],[111833.333333333,4,0,0,"default"]],"typeOfSection":0,"lengthInSteps":16,"dType":2,"altAnim":false,"mustHitSection":true,"changeBPM":false,"bpm":300},{"sectionNotes":[[112000,0,0,0,"default"],[112166.666666667,0,0,0,"default"],[112333.333333333,1,0,0,"default"],[112500,2,0,0,"default"],[112583.333333333,0,0,0,"default"],[112666.666666667,3,0,0,"default"],[112833.333333333,0,0,0,"default"],[113000,0,0,0,"default"],[113166.666666667,0,0,0,"default"]],"typeOfSection":0,"lengthInSteps":16,"dType":0,"altAnim":false,"mustHitSection":false,"changeBPM":false,"bpm":300},{"sectionNotes":[[113333.333333333,0,0,0,"default"],[113500,0,0,0,"default"],[113666.666666667,1,0,0,"default"],[113833.333333333,2,0,0,"default"],[113916.666666667,0,0,0,"default"],[114166.666666667,0,0,0,"default"],[114333.333333333,0,0,0,"default"],[114500,0,0,0,"default"],[114000,4,0,0,"default"]],"typeOfSection":0,"lengthInSteps":16,"dType":0,"altAnim":false,"mustHitSection":true,"changeBPM":false,"bpm":300},{"sectionNotes":[[114666.666666667,2,252,0,"default"],[114666.666666667,4,252,0,"default"],[115000,5,0,0,"default"],[115000,1,0,0,"default"],[115166.666666667,2,252,0,"default"],[115166.666666667,4,252,0,"default"],[115500,1,0,0,"default"],[115500,5,0,0,"default"],[115666.666666667,2,252,0,"default"],[115666.666666667,4,252,0,"default"],[114666.666666667,9,252,0,"default"],[115000,8,0,0,"default"],[115166.666666667,9,252,0,"default"],[115500,8,0,0,"default"],[115666.666666667,9,252,0,"default"],[114666.666666667,11,252,1,"default"],[115000,12,0,1,"default"],[115166.666666667,11,252,1,"default"],[115500,12,0,1,"default"],[115666.666666667,11,252,1,"default"]],"typeOfSection":0,"lengthInSteps":16,"dType":0,"altAnim":false,"mustHitSection":true,"changeBPM":false,"bpm":300},{"sectionNotes":[[116000,1,0,0,"default"],[116000,5,0,0,"default"],[116166.666666667,2,252,0,"default"],[116166.666666667,4,252,0,"default"],[116500,5,0,0,"default"],[116500,1,0,0,"default"],[116666.666666667,6,0,0,"default"],[116666.666666667,0,0,0,"default"],[116833.333333333,2,0,0,"default"],[116833.333333333,4,0,0,"default"],[117000,0,0,0,"default"],[117166.666666667,1,0,0,"default"],[117000,6,0,0,"default"],[117166.666666667,5,0,0,"default"],[116000,8,0,0,"default"],[116166.666666667,9,252,0,"default"],[116500,8,0,0,"default"],[116666.666666667,7,0,0,"default"],[116833.333333333,9,0,0,"default"],[117000,7,0,0,"default"],[117166.666666667,8,0,0,"default"],[116000,12,0,1,"default"],[116166.666666667,11,252,1,"default"],[116500,12,0,1,"default"],[116666.666666667,13,0,1,"default"],[116833.333333333,11,0,1,"default"],[117000,13,0,1,"default"],[117166.666666667,12,0,1,"default"]],"typeOfSection":0,"lengthInSteps":16,"dType":0,"altAnim":false,"mustHitSection":true,"changeBPM":false,"bpm":300},{"sectionNotes":[[117333.333333333,3,0,0,"default"],[117333.333333333,0,0,0,"default"],[117333.333333333,6,0,0,"default"],[117333.333333333,13,0,1,"default"],[117333.333333333,7,0,0,"default"],[117333.333333333,10,0,0,"default"]],"typeOfSection":0,"lengthInSteps":16,"dType":2,"altAnim":false,"mustHitSection":true,"changeBPM":false,"bpm":300},{"sectionNotes":[],"typeOfSection":0,"lengthInSteps":16,"dType":0,"altAnim":false,"mustHitSection":true,"changeBPM":false,"bpm":300},{"sectionNotes":[],"typeOfSection":0,"lengthInSteps":16,"dType":0,"altAnim":false,"mustHitSection":true,"changeBPM":false,"bpm":300},{"sectionNotes":[],"typeOfSection":0,"lengthInSteps":16,"dType":0,"altAnim":false,"mustHitSection":true,"changeBPM":false,"bpm":300},{"sectionNotes":[],"typeOfSection":0,"lengthInSteps":16,"dType":0,"altAnim":false,"mustHitSection":false,"changeBPM":false,"bpm":300},{"sectionNotes":[],"typeOfSection":0,"lengthInSteps":16,"dType":0,"altAnim":false,"mustHitSection":false,"changeBPM":false,"bpm":300},{"sectionNotes":[],"typeOfSection":0,"lengthInSteps":16,"dType":0,"altAnim":false,"mustHitSection":true,"changeBPM":false,"bpm":300},{"sectionNotes":[],"typeOfSection":0,"lengthInSteps":16,"dType":0,"altAnim":false,"mustHitSection":true,"changeBPM":false,"bpm":300},{"sectionNotes":[],"typeOfSection":0,"lengthInSteps":16,"dType":1,"altAnim":false,"mustHitSection":false,"changeBPM":false,"bpm":300},{"sectionNotes":[],"typeOfSection":0,"lengthInSteps":16,"dType":1,"altAnim":false,"mustHitSection":false,"changeBPM":false,"bpm":300},{"sectionNotes":[],"typeOfSection":0,"lengthInSteps":16,"dType":0,"altAnim":false,"mustHitSection":true,"changeBPM":false,"bpm":300},{"sectionNotes":[],"typeOfSection":0,"lengthInSteps":16,"dType":0,"altAnim":false,"mustHitSection":true,"changeBPM":false,"bpm":300},{"sectionNotes":[],"typeOfSection":0,"lengthInSteps":16,"dType":0,"altAnim":false,"mustHitSection":false,"changeBPM":false,"bpm":300},{"sectionNotes":[],"typeOfSection":0,"lengthInSteps":16,"dType":0,"altAnim":false,"mustHitSection":false,"changeBPM":false,"bpm":300},{"sectionNotes":[],"typeOfSection":0,"lengthInSteps":16,"dType":0,"altAnim":false,"mustHitSection":true,"changeBPM":false,"bpm":300},{"sectionNotes":[],"typeOfSection":0,"lengthInSteps":16,"dType":0,"altAnim":false,"mustHitSection":true,"changeBPM":false,"bpm":300},{"sectionNotes":[],"typeOfSection":0,"lengthInSteps":16,"dType":1,"altAnim":false,"mustHitSection":false,"changeBPM":false,"bpm":300},{"sectionNotes":[],"typeOfSection":0,"lengthInSteps":16,"dType":1,"altAnim":false,"mustHitSection":false,"changeBPM":false,"bpm":300},{"sectionNotes":[],"typeOfSection":0,"lengthInSteps":16,"dType":0,"altAnim":false,"mustHitSection":true,"changeBPM":false,"bpm":300},{"sectionNotes":[],"typeOfSection":0,"lengthInSteps":16,"dType":0,"altAnim":false,"mustHitSection":true,"changeBPM":false,"bpm":300},{"sectionNotes":[],"typeOfSection":0,"lengthInSteps":16,"dType":1,"altAnim":false,"mustHitSection":false,"changeBPM":false,"bpm":300},{"sectionNotes":[],"typeOfSection":0,"lengthInSteps":16,"dType":1,"altAnim":false,"mustHitSection":false,"changeBPM":false,"bpm":300},{"sectionNotes":[],"typeOfSection":0,"lengthInSteps":16,"dType":0,"altAnim":false,"mustHitSection":true,"changeBPM":false,"bpm":300},{"sectionNotes":[],"typeOfSection":0,"lengthInSteps":16,"dType":0,"altAnim":false,"mustHitSection":true,"changeBPM":false,"bpm":300},{"sectionNotes":[],"typeOfSection":0,"lengthInSteps":16,"dType":0,"altAnim":false,"mustHitSection":false,"changeBPM":false,"bpm":300},{"sectionNotes":[],"typeOfSection":0,"lengthInSteps":16,"dType":0,"altAnim":false,"mustHitSection":false,"changeBPM":false,"bpm":300},{"sectionNotes":[],"typeOfSection":0,"lengthInSteps":16,"dType":0,"altAnim":false,"mustHitSection":true,"changeBPM":false,"bpm":300},{"sectionNotes":[],"typeOfSection":0,"lengthInSteps":16,"dType":0,"altAnim":false,"mustHitSection":true,"changeBPM":false,"bpm":300},{"sectionNotes":[],"typeOfSection":0,"lengthInSteps":16,"dType":1,"altAnim":false,"mustHitSection":false,"changeBPM":false,"bpm":300},{"sectionNotes":[],"typeOfSection":0,"lengthInSteps":16,"dType":1,"altAnim":false,"mustHitSection":false,"changeBPM":false,"bpm":300},{"sectionNotes":[],"typeOfSection":0,"lengthInSteps":16,"dType":1,"altAnim":false,"mustHitSection":false,"changeBPM":false,"bpm":300},{"sectionNotes":[],"typeOfSection":0,"lengthInSteps":16,"dType":1,"altAnim":false,"mustHitSection":false,"changeBPM":false,"bpm":300},{"sectionNotes":[],"typeOfSection":0,"lengthInSteps":16,"dType":0,"altAnim":false,"mustHitSection":true,"changeBPM":false,"bpm":300},{"sectionNotes":[],"typeOfSection":0,"lengthInSteps":16,"dType":0,"altAnim":false,"mustHitSection":true,"changeBPM":false,"bpm":300},{"sectionNotes":[],"typeOfSection":0,"lengthInSteps":16,"dType":0,"altAnim":false,"mustHitSection":true,"changeBPM":false,"bpm":300},{"sectionNotes":[],"typeOfSection":0,"lengthInSteps":16,"dType":0,"altAnim":false,"mustHitSection":true,"changeBPM":false,"bpm":300},{"sectionNotes":[],"typeOfSection":0,"lengthInSteps":16,"dType":0,"altAnim":false,"mustHitSection":false,"changeBPM":false,"bpm":300},{"sectionNotes":[],"typeOfSection":0,"lengthInSteps":16,"dType":0,"altAnim":false,"mustHitSection":false,"changeBPM":false,"bpm":300},{"sectionNotes":[],"typeOfSection":0,"lengthInSteps":16,"dType":0,"altAnim":false,"mustHitSection":false,"changeBPM":false,"bpm":300},{"sectionNotes":[],"typeOfSection":0,"lengthInSteps":16,"dType":0,"altAnim":false,"mustHitSection":false,"changeBPM":false,"bpm":300},{"sectionNotes":[],"typeOfSection":0,"lengthInSteps":16,"dType":0,"altAnim":false,"mustHitSection":true,"changeBPM":false,"bpm":300},{"sectionNotes":[],"typeOfSection":0,"lengthInSteps":16,"dType":0,"altAnim":false,"mustHitSection":true,"changeBPM":false,"bpm":300},{"sectionNotes":[],"typeOfSection":0,"lengthInSteps":16,"dType":0,"altAnim":false,"mustHitSection":true,"changeBPM":false,"bpm":300},{"sectionNotes":[],"typeOfSection":0,"lengthInSteps":16,"dType":0,"altAnim":false,"mustHitSection":true,"changeBPM":false,"bpm":300},{"sectionNotes":[],"typeOfSection":0,"lengthInSteps":16,"dType":1,"altAnim":false,"mustHitSection":false,"changeBPM":false,"bpm":300},{"sectionNotes":[],"typeOfSection":0,"lengthInSteps":16,"dType":1,"altAnim":false,"mustHitSection":false,"changeBPM":false,"bpm":300},{"sectionNotes":[],"typeOfSection":0,"lengthInSteps":16,"dType":1,"altAnim":false,"mustHitSection":false,"changeBPM":false,"bpm":300},{"sectionNotes":[],"typeOfSection":0,"lengthInSteps":16,"dType":1,"altAnim":false,"mustHitSection":false,"changeBPM":false,"bpm":300},{"sectionNotes":[],"typeOfSection":0,"lengthInSteps":16,"dType":0,"altAnim":false,"mustHitSection":true,"changeBPM":false,"bpm":300},{"sectionNotes":[],"typeOfSection":0,"lengthInSteps":16,"dType":0,"altAnim":false,"mustHitSection":true,"changeBPM":false,"bpm":300},{"sectionNotes":[],"typeOfSection":0,"lengthInSteps":16,"dType":0,"altAnim":false,"mustHitSection":true,"changeBPM":false,"bpm":300},{"sectionNotes":[],"typeOfSection":0,"lengthInSteps":16,"dType":0,"altAnim":false,"mustHitSection":true,"changeBPM":false,"bpm":300},{"sectionNotes":[],"typeOfSection":0,"lengthInSteps":16,"dType":0,"altAnim":false,"mustHitSection":false,"changeBPM":false,"bpm":300},{"sectionNotes":[],"typeOfSection":0,"lengthInSteps":16,"dType":0,"altAnim":false,"mustHitSection":false,"changeBPM":false,"bpm":300},{"sectionNotes":[],"typeOfSection":0,"lengthInSteps":16,"dType":0,"altAnim":false,"mustHitSection":false,"changeBPM":false,"bpm":300},{"sectionNotes":[],"typeOfSection":0,"lengthInSteps":16,"dType":0,"altAnim":false,"mustHitSection":false,"changeBPM":false,"bpm":300},{"sectionNotes":[],"typeOfSection":0,"lengthInSteps":16,"dType":0,"altAnim":false,"mustHitSection":true,"changeBPM":false,"bpm":300},{"sectionNotes":[],"typeOfSection":0,"lengthInSteps":16,"dType":0,"altAnim":false,"mustHitSection":true,"changeBPM":false,"bpm":300},{"sectionNotes":[],"typeOfSection":0,"lengthInSteps":16,"dType":0,"altAnim":false,"mustHitSection":true,"changeBPM":false,"bpm":300},{"sectionNotes":[],"typeOfSection":0,"lengthInSteps":16,"dType":0,"altAnim":false,"mustHitSection":true,"changeBPM":false,"bpm":300},{"sectionNotes":[],"typeOfSection":0,"lengthInSteps":16,"dType":1,"altAnim":false,"mustHitSection":false,"changeBPM":false,"bpm":300},{"sectionNotes":[],"typeOfSection":0,"lengthInSteps":16,"dType":1,"altAnim":false,"mustHitSection":false,"changeBPM":false,"bpm":300},{"sectionNotes":[],"typeOfSection":0,"lengthInSteps":16,"dType":1,"altAnim":false,"mustHitSection":false,"changeBPM":false,"bpm":300},{"sectionNotes":[],"typeOfSection":0,"lengthInSteps":16,"dType":1,"altAnim":false,"mustHitSection":false,"changeBPM":false,"bpm":300},{"sectionNotes":[],"typeOfSection":0,"lengthInSteps":16,"dType":0,"altAnim":false,"mustHitSection":true,"changeBPM":false,"bpm":300},{"sectionNotes":[],"typeOfSection":0,"lengthInSteps":16,"dType":0,"altAnim":false,"mustHitSection":true,"changeBPM":false,"bpm":300},{"sectionNotes":[],"typeOfSection":0,"lengthInSteps":16,"dType":0,"altAnim":false,"mustHitSection":true,"changeBPM":false,"bpm":300},{"sectionNotes":[],"typeOfSection":0,"lengthInSteps":16,"dType":0,"altAnim":false,"mustHitSection":true,"changeBPM":false,"bpm":300},{"sectionNotes":[],"typeOfSection":0,"lengthInSteps":16,"dType":0,"altAnim":false,"mustHitSection":false,"changeBPM":false,"bpm":300},{"sectionNotes":[],"typeOfSection":0,"lengthInSteps":16,"dType":0,"altAnim":false,"mustHitSection":false,"changeBPM":false,"bpm":300},{"sectionNotes":[],"typeOfSection":0,"lengthInSteps":16,"dType":0,"altAnim":false,"mustHitSection":false,"changeBPM":false,"bpm":300},{"sectionNotes":[],"typeOfSection":0,"lengthInSteps":16,"dType":0,"altAnim":false,"mustHitSection":false,"changeBPM":false,"bpm":300},{"sectionNotes":[],"typeOfSection":0,"lengthInSteps":16,"dType":0,"altAnim":false,"mustHitSection":true,"changeBPM":false,"bpm":300},{"sectionNotes":[],"typeOfSection":0,"lengthInSteps":16,"dType":0,"altAnim":false,"mustHitSection":true,"changeBPM":false,"bpm":300},{"sectionNotes":[],"typeOfSection":0,"lengthInSteps":16,"dType":0,"altAnim":false,"mustHitSection":true,"changeBPM":false,"bpm":300},{"sectionNotes":[],"typeOfSection":0,"lengthInSteps":16,"dType":0,"altAnim":false,"mustHitSection":true,"changeBPM":false,"bpm":300},{"sectionNotes":[],"typeOfSection":0,"lengthInSteps":16,"dType":2,"altAnim":false,"mustHitSection":false,"changeBPM":false,"bpm":300},{"sectionNotes":[],"typeOfSection":0,"lengthInSteps":16,"dType":2,"altAnim":false,"mustHitSection":false,"changeBPM":false,"bpm":300},{"sectionNotes":[],"typeOfSection":0,"lengthInSteps":16,"dType":2,"altAnim":false,"mustHitSection":false,"changeBPM":false,"bpm":300},{"sectionNotes":[],"typeOfSection":0,"lengthInSteps":16,"dType":2,"altAnim":false,"mustHitSection":false,"changeBPM":false,"bpm":300},{"sectionNotes":[],"typeOfSection":0,"lengthInSteps":16,"dType":0,"altAnim":false,"mustHitSection":true,"changeBPM":false,"bpm":300},{"sectionNotes":[],"typeOfSection":0,"lengthInSteps":16,"dType":0,"altAnim":false,"mustHitSection":true,"changeBPM":false,"bpm":300},{"sectionNotes":[],"typeOfSection":0,"lengthInSteps":16,"dType":0,"altAnim":false,"mustHitSection":true,"changeBPM":false,"bpm":300},{"sectionNotes":[],"typeOfSection":0,"lengthInSteps":16,"dType":0,"altAnim":false,"mustHitSection":true,"changeBPM":false,"bpm":300},{"sectionNotes":[],"typeOfSection":0,"lengthInSteps":16,"dType":2,"altAnim":false,"mustHitSection":false,"changeBPM":false,"bpm":300},{"sectionNotes":[],"typeOfSection":0,"lengthInSteps":16,"dType":2,"altAnim":false,"mustHitSection":false,"changeBPM":false,"bpm":300},{"sectionNotes":[],"typeOfSection":0,"lengthInSteps":16,"dType":2,"altAnim":false,"mustHitSection":false,"changeBPM":false,"bpm":300},{"sectionNotes":[],"typeOfSection":0,"lengthInSteps":16,"dType":2,"altAnim":false,"mustHitSection":false,"changeBPM":false,"bpm":300},{"sectionNotes":[],"typeOfSection":0,"lengthInSteps":16,"dType":0,"altAnim":false,"mustHitSection":true,"changeBPM":false,"bpm":300},{"sectionNotes":[],"typeOfSection":0,"lengthInSteps":16,"dType":0,"altAnim":false,"mustHitSection":true,"changeBPM":false,"bpm":300},{"sectionNotes":[],"typeOfSection":0,"lengthInSteps":16,"dType":0,"altAnim":false,"mustHitSection":true,"changeBPM":false,"bpm":300},{"sectionNotes":[],"typeOfSection":0,"lengthInSteps":16,"dType":0,"altAnim":false,"mustHitSection":true,"changeBPM":false,"bpm":300},{"sectionNotes":[],"typeOfSection":0,"lengthInSteps":16,"dType":0,"altAnim":false,"mustHitSection":false,"changeBPM":false,"bpm":300},{"sectionNotes":[],"typeOfSection":0,"lengthInSteps":16,"dType":0,"altAnim":false,"mustHitSection":false,"changeBPM":false,"bpm":300},{"sectionNotes":[],"typeOfSection":0,"lengthInSteps":16,"dType":0,"altAnim":false,"mustHitSection":true,"changeBPM":false,"bpm":300},{"sectionNotes":[],"typeOfSection":0,"lengthInSteps":16,"dType":0,"altAnim":false,"mustHitSection":true,"changeBPM":false,"bpm":300},{"sectionNotes":[],"typeOfSection":0,"lengthInSteps":16,"dType":1,"altAnim":false,"mustHitSection":false,"changeBPM":false,"bpm":300},{"sectionNotes":[],"typeOfSection":0,"lengthInSteps":16,"dType":1,"altAnim":false,"mustHitSection":false,"changeBPM":false,"bpm":300},{"sectionNotes":[],"typeOfSection":0,"lengthInSteps":16,"dType":0,"altAnim":false,"mustHitSection":true,"changeBPM":false,"bpm":300},{"sectionNotes":[],"typeOfSection":0,"lengthInSteps":16,"dType":0,"altAnim":false,"mustHitSection":true,"changeBPM":false,"bpm":300},{"sectionNotes":[],"typeOfSection":0,"lengthInSteps":16,"dType":0,"altAnim":false,"mustHitSection":false,"changeBPM":false,"bpm":300},{"sectionNotes":[],"typeOfSection":0,"lengthInSteps":16,"dType":0,"altAnim":false,"mustHitSection":false,"changeBPM":false,"bpm":300},{"sectionNotes":[],"typeOfSection":0,"lengthInSteps":16,"dType":0,"altAnim":false,"mustHitSection":true,"changeBPM":false,"bpm":300},{"sectionNotes":[],"typeOfSection":0,"lengthInSteps":16,"dType":0,"altAnim":false,"mustHitSection":true,"changeBPM":false,"bpm":300},{"sectionNotes":[],"typeOfSection":0,"lengthInSteps":16,"dType":1,"altAnim":false,"mustHitSection":false,"changeBPM":false,"bpm":300},{"sectionNotes":[],"typeOfSection":0,"lengthInSteps":16,"dType":1,"altAnim":false,"mustHitSection":false,"changeBPM":false,"bpm":300},{"sectionNotes":[],"typeOfSection":0,"lengthInSteps":16,"dType":0,"altAnim":false,"mustHitSection":true,"changeBPM":false,"bpm":300},{"sectionNotes":[],"typeOfSection":0,"lengthInSteps":16,"dType":0,"altAnim":false,"mustHitSection":true,"changeBPM":false,"bpm":300},{"sectionNotes":[],"typeOfSection":0,"lengthInSteps":16,"dType":0,"altAnim":false,"mustHitSection":true,"changeBPM":false,"bpm":300},{"sectionNotes":[],"typeOfSection":0,"lengthInSteps":16,"dType":0,"altAnim":false,"mustHitSection":true,"changeBPM":false,"bpm":300},{"sectionNotes":[],"typeOfSection":0,"lengthInSteps":16,"dType":0,"altAnim":false,"mustHitSection":true,"changeBPM":false,"bpm":300},{"sectionNotes":[],"typeOfSection":0,"lengthInSteps":16,"dType":0,"altAnim":false,"mustHitSection":true,"changeBPM":false,"bpm":300},{"sectionNotes":[],"typeOfSection":0,"lengthInSteps":16,"dType":0,"altAnim":false,"mustHitSection":true,"changeBPM":false,"bpm":300},{"sectionNotes":[],"typeOfSection":0,"lengthInSteps":16,"dType":0,"altAnim":false,"mustHitSection":true,"changeBPM":false,"bpm":300},{"sectionNotes":[],"typeOfSection":0,"lengthInSteps":16,"dType":0,"altAnim":false,"mustHitSection":true,"changeBPM":false,"bpm":300},{"sectionNotes":[],"typeOfSection":0,"lengthInSteps":16,"dType":0,"altAnim":false,"mustHitSection":true,"changeBPM":false,"bpm":300},{"sectionNotes":[],"typeOfSection":0,"lengthInSteps":16,"dType":0,"altAnim":false,"mustHitSection":true,"changeBPM":false,"bpm":300},{"sectionNotes":[],"typeOfSection":0,"lengthInSteps":16,"dType":0,"altAnim":false,"mustHitSection":true,"changeBPM":false,"bpm":300},{"sectionNotes":[],"typeOfSection":0,"lengthInSteps":16,"dType":0,"altAnim":false,"mustHitSection":true,"changeBPM":false,"bpm":300},{"lengthInSteps":16,"typeOfSection":0,"sectionNotes":[],"altAnim":false,"dType":0,"bpm":300,"changeBPM":false,"mustHitSection":true},{"sectionNotes":[],"typeOfSection":0,"lengthInSteps":16,"altAnim":false,"mustHitSection":true,"changeBPM":false,"bpm":300},{"lengthInSteps":16,"altAnim":false,"changeTimeScale":false,"typeOfSection":0,"sectionNotes":[],"bpm":300,"changeBPM":false,"timeScale":[4,4],"mustHitSection":true},{"lengthInSteps":16,"altAnim":false,"changeTimeScale":false,"typeOfSection":0,"sectionNotes":[],"bpm":300,"changeBPM":false,"timeScale":[4,4],"mustHitSection":true},{"lengthInSteps":16,"altAnim":false,"changeTimeScale":false,"typeOfSection":0,"sectionNotes":[],"bpm":180,"changeBPM":false,"timeScale":[4,4],"mustHitSection":true},{"lengthInSteps":16,"altAnim":false,"changeTimeScale":false,"typeOfSection":0,"sectionNotes":[],"bpm":180,"changeBPM":false,"timeScale":[4,4],"mustHitSection":true},{"lengthInSteps":16,"altAnim":false,"changeTimeScale":false,"typeOfSection":0,"sectionNotes":[],"bpm":180,"changeBPM":false,"timeScale":[4,4],"mustHitSection":true},{"lengthInSteps":16,"altAnim":false,"changeTimeScale":false,"typeOfSection":0,"sectionNotes":[],"bpm":180,"changeBPM":false,"timeScale":[4,4],"mustHitSection":true}],"player2":"teambluronbrownshaggy","chartOffset":0,"modchartPath":"tf2","mania":null,"endCutscene":"","song":"tree fortress 2","validScore":true,"speed":2.6,"sectionLengths":[],"ui_Skin":"default","events":[],"cutscene":"","timescale":[4,4],"needsVoices":true,"stage":"stage","sections":0,"bpm":180,"gf":"gf"}}